"Parameter","coord","covariate","p2.5","p25","p50","mean","p75","p97.5"
"Lambda","clr_ASV_1","AR_d1",-0.568008769269395,-0.0161463355140709,0.27088123486711,0.273296905524844,0.547166782075733,1.09758697888587
"Lambda","clr_ASV_1","AR_d2",-1.02790007864806,-0.467156571755381,-0.199510595780395,-0.199594408110937,0.0802100816693594,0.588112561143589
"Lambda","clr_ASV_1","AR_e1",-0.962354757024144,-0.520707558461286,-0.292157728625526,-0.297252661348642,-0.0776104185955386,0.360892720751615
"Lambda","clr_ASV_1","AR_e2",-0.76990033890192,-0.359977912775318,-0.128866177780816,-0.128705387957698,0.0940642592351562,0.570471520726129
"Lambda","clr_ASV_10","AR_d1",-0.41942869118876,-0.0236084970100655,0.20727268824191,0.21124436433555,0.441342761762201,0.872055121490979
"Lambda","clr_ASV_10","AR_d2",-0.908877565427728,-0.484662559665201,-0.260165393227633,-0.266234460344304,-0.0413125631654689,0.316353659026507
"Lambda","clr_ASV_10","AR_e1",-1.31643864619084,-0.960885716278945,-0.791792763012023,-0.787880023349725,-0.609064491700119,-0.265688739308811
"Lambda","clr_ASV_10","AR_e2",-1.17730539838954,-0.831792256542807,-0.651322552886593,-0.650413728261195,-0.473973238278859,-0.125518107066846
"Lambda","clr_ASV_100","AR_d1",-0.36786405305272,0.572119199082406,1.111995713169,1.09571866843376,1.60963183472425,2.57741778151
"Lambda","clr_ASV_100","AR_d2",-2.1318852234722,-1.19040349383088,-0.713795961162709,-0.705637773121719,-0.203710816967932,0.700629642594476
"Lambda","clr_ASV_100","AR_e1",-2.21994999067601,-1.34687203094022,-0.932676685288784,-0.936755361728507,-0.500873622379472,0.273715273000042
"Lambda","clr_ASV_100","AR_e2",-2.4751495612322,-1.63537869194533,-1.21770803370727,-1.21095546034335,-0.781889159120042,0.0661516035145711
"Lambda","clr_ASV_101","AR_d1",-1.61129130699926,-0.562440235843229,-0.0886017197075654,-0.0864362811188865,0.435318838364114,1.39975960348847
"Lambda","clr_ASV_101","AR_d2",-1.82787876398179,-0.807253447875802,-0.353674105756858,-0.343313952032488,0.15531380340496,1.09646320479018
"Lambda","clr_ASV_101","AR_e1",-3.40609934268346,-2.55790760702495,-2.14649665246121,-2.1404141328471,-1.70894180882413,-0.879876910872297
"Lambda","clr_ASV_101","AR_e2",-3.09685156774147,-2.18392060337246,-1.77040487579301,-1.76116270089071,-1.32339306427429,-0.507816834808578
"Lambda","clr_ASV_102","AR_d1",-1.05689540727528,-0.168189883636172,0.251055178365018,0.257662160327165,0.691302323704213,1.56890440935114
"Lambda","clr_ASV_102","AR_d2",-1.86030680347484,-0.979984603787037,-0.543629375483297,-0.558548123764952,-0.135848124658837,0.685079498754768
"Lambda","clr_ASV_102","AR_e1",-1.05060247215011,-0.352238127954506,0.030311889625087,0.0141829478788725,0.379988765498971,1.0282348311661
"Lambda","clr_ASV_102","AR_e2",-1.11615854194535,-0.397838048501569,-0.0244997873193363,-0.0200388211865642,0.370045751187366,1.0712072155633
"Lambda","clr_ASV_103","AR_d1",-0.896963464645942,-0.165427281369264,0.186187115696932,0.188453717118752,0.548381382063272,1.216931031896
"Lambda","clr_ASV_103","AR_d2",-1.65141868714437,-0.920586255559378,-0.590424961953189,-0.584841188621526,-0.246544924417165,0.442258151665434
"Lambda","clr_ASV_103","AR_e1",-0.797566508184219,-0.194223055964219,0.0851499022300325,0.0834756867974475,0.367806273190796,0.943723396196302
"Lambda","clr_ASV_103","AR_e2",-1.22997543376172,-0.615963391121561,-0.295898562607314,-0.296723800911734,0.0354782692371417,0.59257123793142
"Lambda","clr_ASV_105","AR_d1",-1.3492493095565,-0.433430837005087,0.0592302919347601,0.037108279340922,0.500836390156702,1.39872905888294
"Lambda","clr_ASV_105","AR_d2",-1.74495281771613,-0.831975095223953,-0.389173639993444,-0.387784310860637,0.0515464378032204,0.99187517816513
"Lambda","clr_ASV_105","AR_e1",-2.03402902113684,-1.29605964116351,-0.932405584187733,-0.932540441519983,-0.561244180652332,0.123346845104555
"Lambda","clr_ASV_105","AR_e2",-1.41057757617663,-0.65305329049499,-0.275567921554296,-0.267376135994782,0.118124211810046,0.90176580568595
"Lambda","clr_ASV_106","AR_d1",-0.89622137045648,-0.318949526263112,-0.0238904254020389,-0.0265558288580345,0.273083492521953,0.843684121470401
"Lambda","clr_ASV_106","AR_d2",-1.89765144218845,-1.28906456475859,-0.981298913307841,-0.991657549929866,-0.691347336499179,-0.142400094612232
"Lambda","clr_ASV_106","AR_e1",-1.61678644223834,-1.0988953946864,-0.847197825537037,-0.842986199102704,-0.575748877293092,-0.116888749352845
"Lambda","clr_ASV_106","AR_e2",-1.80177589380479,-1.29990400797922,-1.02713527748961,-1.03092911274021,-0.765053532502804,-0.282303784602053
"Lambda","clr_ASV_107","AR_d1",-1.02210615811382,0.245694557093379,0.815791099163376,0.821951973050851,1.44450690812721,2.56173980999145
"Lambda","clr_ASV_107","AR_d2",-1.92095465399687,-0.766031158125674,-0.210808431917195,-0.1922705112533,0.389829093097241,1.50735761651838
"Lambda","clr_ASV_107","AR_e1",-3.19102723623641,-2.176588240981,-1.66465198473005,-1.68564242101226,-1.18234475919903,-0.232318807462774
"Lambda","clr_ASV_107","AR_e2",-2.84955767667728,-1.76920633044889,-1.26221347292259,-1.26940964526425,-0.761826933585827,0.271852097528761
"Lambda","clr_ASV_109","AR_d1",-0.804826538094993,-0.279972764808944,-0.000788953219902414,-0.00784759931885834,0.250289473546198,0.793220401676581
"Lambda","clr_ASV_109","AR_d2",-0.998737301282701,-0.486413293149402,-0.208180379734793,-0.210105903733546,0.0651008947124814,0.576376154810307
"Lambda","clr_ASV_109","AR_e1",-0.92545303040753,-0.467221153661591,-0.235760798807285,-0.225485272632534,0.00782001476909739,0.477234150415153
"Lambda","clr_ASV_109","AR_e2",-1.20820427317895,-0.744686348494527,-0.510691862030114,-0.50512563057375,-0.267296331674926,0.236237819579506
"Lambda","clr_ASV_11","AR_d1",-0.777271167620248,-0.196147614476021,0.0783525041570323,0.0757786398280325,0.357481418408541,0.868209309088028
"Lambda","clr_ASV_11","AR_d2",-1.15689087217178,-0.617370136482165,-0.369130339941183,-0.369820563891915,-0.112690174521059,0.408738329708307
"Lambda","clr_ASV_11","AR_e1",-1.20895473090602,-0.800208175643128,-0.604559276065385,-0.601031889561104,-0.396399581789304,0.0178986665104955
"Lambda","clr_ASV_11","AR_e2",-1.25902206513888,-0.801488822558305,-0.582201038338742,-0.582241654583938,-0.368847117812978,0.0903493104503907
"Lambda","clr_ASV_110","AR_d1",-1.4886405911259,-0.608372622873164,-0.148230867487276,-0.166349746689238,0.304228636859505,1.10004076847059
"Lambda","clr_ASV_110","AR_d2",-1.05624902652831,-0.250389111556257,0.156092566323605,0.152785947768899,0.561906123322654,1.37840330097536
"Lambda","clr_ASV_110","AR_e1",-1.18110042232427,-0.521681841738391,-0.154975059844215,-0.142477369131642,0.196994221544003,1.01231023087166
"Lambda","clr_ASV_110","AR_e2",-0.27582149200457,0.458174494340402,0.83521312683184,0.85771048767166,1.24358281971803,2.08971577748422
"Lambda","clr_ASV_111","AR_d1",-1.63501048011353,-0.641444547853055,-0.137990073965451,-0.136603733393002,0.362830068335566,1.36227293800791
"Lambda","clr_ASV_111","AR_d2",-1.12365520143031,-0.215534055440427,0.265027736522155,0.274919088542329,0.758615435502651,1.71399502017343
"Lambda","clr_ASV_111","AR_e1",0.464130768716955,1.27761037007694,1.6698711471972,1.6883875330406,2.09300852774735,2.92091680804953
"Lambda","clr_ASV_111","AR_e2",-0.73102498882566,0.0923406590732575,0.524454965983817,0.541934956953572,0.998198427136304,1.84225774389608
"Lambda","clr_ASV_114","AR_d1",-1.89910173228303,-0.971664341043443,-0.463137121971186,-0.462664725210067,0.0245187245876881,1.02964620500663
"Lambda","clr_ASV_114","AR_d2",-1.568179103742,-0.677438020927949,-0.186464703383405,-0.173188023381716,0.288069289132936,1.30131161852352
"Lambda","clr_ASV_114","AR_e1",0.294146043765034,1.09541533594105,1.50658235087605,1.51705348133171,1.92942494861114,2.84514826470429
"Lambda","clr_ASV_114","AR_e2",-1.19009410085863,-0.387530991887837,0.0801553098290617,0.0888320380927852,0.51956602328284,1.48846935769916
"Lambda","clr_ASV_117","AR_d1",-0.845520872149768,-0.306008041478861,-0.0234110150457513,-0.0335791953094615,0.234739088588723,0.711250730958115
"Lambda","clr_ASV_117","AR_d2",-1.72894399014625,-1.15830305038595,-0.905203186512938,-0.909020935156935,-0.646793613060135,-0.146580063002941
"Lambda","clr_ASV_117","AR_e1",-2.71412143380063,-2.21854108570702,-1.96981610573417,-1.97552214235986,-1.72363518437501,-1.26008790558777
"Lambda","clr_ASV_117","AR_e2",-2.44921064421124,-1.93069971722065,-1.68166881952354,-1.691300846886,-1.44796213220741,-0.978163738058373
"Lambda","clr_ASV_118","AR_d1",-1.20399463308027,-0.360521111585392,0.0358700434408415,0.0234831878450892,0.405868859430811,1.19079614688913
"Lambda","clr_ASV_118","AR_d2",-2.72969623581803,-1.91294791911706,-1.47869171930836,-1.49848037317202,-1.06798652604508,-0.324995704947821
"Lambda","clr_ASV_118","AR_e1",-3.78134281038063,-2.97869844379867,-2.59972078955972,-2.59930369130393,-2.20828267261346,-1.49228948885237
"Lambda","clr_ASV_118","AR_e2",-3.50724424807022,-2.74072944827164,-2.35422750519917,-2.34976143496384,-1.95740794250207,-1.19282648414156
"Lambda","clr_ASV_119","AR_d1",-1.00371485207378,0.0880866628568713,0.633414336896008,0.64995533651004,1.20454884835383,2.36073578980187
"Lambda","clr_ASV_119","AR_d2",-0.48315092633017,0.486708288451123,1.02922576482639,1.03885233871359,1.56866630990038,2.66697995483199
"Lambda","clr_ASV_119","AR_e1",-0.0502272586004983,0.758088969167823,1.22514951447624,1.24217857752841,1.69736108758288,2.72051863668701
"Lambda","clr_ASV_119","AR_e2",-0.439929027226474,0.4175420242935,0.901578547289257,0.933544323917678,1.43127947779882,2.45423384721375
"Lambda","clr_ASV_12","AR_d1",-0.530528773973498,-0.120000468457623,0.0909636281310213,0.0948941874627444,0.311955430142664,0.746820206829481
"Lambda","clr_ASV_12","AR_d2",-0.639544793045648,-0.252450566899696,-0.0291954418120079,-0.0386091044665341,0.173174872568637,0.543439021406931
"Lambda","clr_ASV_12","AR_e1",-0.275816193445251,0.0453362894586869,0.218048346183765,0.216412259587587,0.387244394959125,0.725001534510968
"Lambda","clr_ASV_12","AR_e2",-0.591806299834331,-0.235352045354255,-0.0631691227335069,-0.0652754248340157,0.103538889644065,0.433742195165086
"Lambda","clr_ASV_13","AR_d1",-0.773852685859075,-0.257880439914461,-0.00360859761742885,0.00558772852679269,0.271483856656773,0.78368860299547
"Lambda","clr_ASV_13","AR_d2",0.675557775643009,1.2092340155816,1.45863700804425,1.45994164325855,1.71077245100019,2.20429751745838
"Lambda","clr_ASV_13","AR_e1",1.14045557735007,1.54232862983227,1.74530959441135,1.74942809955888,1.95255620430259,2.32957878229543
"Lambda","clr_ASV_13","AR_e2",1.35929461566824,1.75183951202291,1.97667397691697,1.9727086249828,2.18508602676642,2.60713900301756
"Lambda","clr_ASV_134","AR_d1",-0.671117345372405,-0.0595625662755497,0.230704713102882,0.238446350225951,0.545565984481737,1.11746888594611
"Lambda","clr_ASV_134","AR_d2",-1.68938151577285,-1.06179023432817,-0.756782168347542,-0.761051947949119,-0.438334145124921,0.140513084903914
"Lambda","clr_ASV_134","AR_e1",-1.84493108743898,-1.36577188394428,-1.07682095538238,-1.07593173977711,-0.789374403846456,-0.300589711284546
"Lambda","clr_ASV_134","AR_e2",-1.64856215885737,-1.08685893652349,-0.799315213591646,-0.807651838107026,-0.52241818944377,0.0155529637283718
"Lambda","clr_ASV_14","AR_d1",-1.58367311710686,-0.926903870239947,-0.594467025198867,-0.600413054846041,-0.277471557239379,0.327960770406364
"Lambda","clr_ASV_14","AR_d2",-0.360611438243292,0.271345298454692,0.585821315136539,0.585170663857989,0.897163357891946,1.55617697060746
"Lambda","clr_ASV_14","AR_e1",-0.124481684325682,0.38181453410255,0.642029914532582,0.645804825821657,0.902352193514206,1.40088162635277
"Lambda","clr_ASV_14","AR_e2",-0.0437408982041803,0.485628401969255,0.75492647424673,0.750331950529384,1.0260696053007,1.56271195125857
"Lambda","clr_ASV_15","AR_d1",-0.426284011497171,-0.0116660294093311,0.223957718449294,0.226375472114028,0.454273529169804,0.891589987149938
"Lambda","clr_ASV_15","AR_d2",-0.958159941244582,-0.518824781147959,-0.293008180811152,-0.298248888055863,-0.0780897827413597,0.327460822609812
"Lambda","clr_ASV_15","AR_e1",-1.15731889084156,-0.818147937389229,-0.629214634819317,-0.631503622948246,-0.454754757175618,-0.0985860711425077
"Lambda","clr_ASV_15","AR_e2",-0.897058308036524,-0.557608220294873,-0.369767743023106,-0.370263490878468,-0.190374501560438,0.166686365655531
"Lambda","clr_ASV_16","AR_d1",-0.479884202338201,-0.0470289573877837,0.153571398382437,0.16063478237238,0.378400240319831,0.808474065676659
"Lambda","clr_ASV_16","AR_d2",-0.828766759014734,-0.403223838496356,-0.200096747662246,-0.194992235520193,0.0173352209632068,0.436512933606951
"Lambda","clr_ASV_16","AR_e1",-1.27145679350245,-0.934100560520557,-0.770385494618178,-0.772545125536331,-0.604374290050218,-0.270623664994162
"Lambda","clr_ASV_16","AR_e2",-0.93198261759536,-0.608546094638588,-0.43378929600569,-0.427217433951289,-0.245381126679473,0.106267577496535
"Lambda","clr_ASV_17","AR_d1",-1.03256291975755,-0.526460190880416,-0.246776326113104,-0.249103984550509,0.0349349024280091,0.509234068071893
"Lambda","clr_ASV_17","AR_d2",-1.55439092920731,-1.03852738618696,-0.773450640314095,-0.787493587911384,-0.525550031406778,-0.0633970925511606
"Lambda","clr_ASV_17","AR_e1",-2.04280996235077,-1.62267174590709,-1.41643762229522,-1.41206304722372,-1.19989148496118,-0.792864231679351
"Lambda","clr_ASV_17","AR_e2",-1.88327207559358,-1.45522279978977,-1.24793491393721,-1.24497659430228,-1.03124920334725,-0.63750097978658
"Lambda","clr_ASV_18","AR_d1",-1.56254011998836,-0.765153307167751,-0.399936102435684,-0.405567912566862,-0.0521225891676996,0.710920339249292
"Lambda","clr_ASV_18","AR_d2",-1.40815021901378,-0.698878016260601,-0.340773333881141,-0.330592422012255,0.0273685126976757,0.80876794054779
"Lambda","clr_ASV_18","AR_e1",-1.35677969433799,-0.794944133130183,-0.488746067416239,-0.488626956155762,-0.180108440574445,0.38421209927346
"Lambda","clr_ASV_18","AR_e2",-1.26516790006665,-0.694756909470388,-0.377166447839888,-0.36790805678662,-0.0614259033214222,0.522979100188881
"Lambda","clr_ASV_19","AR_d1",-0.370698171990813,0.138633231099543,0.38219180539381,0.376116479075631,0.633404721091649,1.10347781487139
"Lambda","clr_ASV_19","AR_d2",-0.759077196809976,-0.286949883020132,-0.0429419059656459,-0.0464332960584587,0.199582323788592,0.66334735863376
"Lambda","clr_ASV_19","AR_e1",-0.222711794393626,0.171646789672221,0.365028103056005,0.360186371010395,0.549283550817894,0.932342915466121
"Lambda","clr_ASV_19","AR_e2",-0.554041881515841,-0.168322277354461,0.0381165534902418,0.0412691276195849,0.259876177521716,0.654033011449179
"Lambda","clr_ASV_2","AR_d1",-0.310374011260459,0.403229249401816,0.76533198260798,0.774167837421167,1.15407650124467,1.83478368724458
"Lambda","clr_ASV_2","AR_d2",0.152430815506823,0.833885949826274,1.19204362280645,1.18403482649986,1.52661707089314,2.18702677100445
"Lambda","clr_ASV_2","AR_e1",0.767265272548463,1.30414411364843,1.58535216785154,1.59329398305051,1.88404667821935,2.4002378761509
"Lambda","clr_ASV_2","AR_e2",0.890297651347959,1.4848611423103,1.77182940529213,1.7688948777587,2.06143794050364,2.5954564135021
"Lambda","clr_ASV_20","AR_d1",-0.390333829290301,0.120228838039468,0.369972388996987,0.375115640239235,0.63075332944684,1.17887840180653
"Lambda","clr_ASV_20","AR_d2",-0.427894387285357,0.10061931009614,0.354177593835383,0.347010074425188,0.60096819855114,1.07323751530052
"Lambda","clr_ASV_20","AR_e1",0.0521826021207561,0.437348120140891,0.642331315379796,0.645714849450997,0.847814748437084,1.24533458496464
"Lambda","clr_ASV_20","AR_e2",0.358188737400641,0.775208176966648,0.97846349210206,0.982541881190204,1.199231502674,1.60451240944816
"Lambda","clr_ASV_21","AR_d1",-0.588454242054885,-0.196128319765276,0.000878215057185938,-0.00233468282023851,0.189700656989945,0.569094330913632
"Lambda","clr_ASV_21","AR_d2",-0.547748195251476,-0.188589700049578,0.00299611711379801,0.00867508111933781,0.209243715425244,0.552703252011418
"Lambda","clr_ASV_21","AR_e1",-0.855981813456335,-0.53962143567343,-0.377271569156431,-0.380551494081258,-0.230767198680332,0.0662438620146665
"Lambda","clr_ASV_21","AR_e2",-0.610837934873266,-0.31760911356845,-0.152531331505079,-0.153723049733163,0.00898133662462959,0.302124167021963
"Lambda","clr_ASV_22","AR_d1",-1.22187736702168,-0.642534642750662,-0.374903845869082,-0.375704324098399,-0.0990318718783287,0.423758002314194
"Lambda","clr_ASV_22","AR_d2",-0.0888330704894049,0.456306557948851,0.724694748235176,0.724091971921675,0.995318329905713,1.51021079410903
"Lambda","clr_ASV_22","AR_e1",0.329752953841083,0.744039650087451,0.945098888433848,0.952769288999337,1.1657846898887,1.62800390095328
"Lambda","clr_ASV_22","AR_e2",0.268968093233218,0.710696857720679,0.938846190081781,0.936392814310697,1.15173929618902,1.60588112826064
"Lambda","clr_ASV_23","AR_d1",-0.407687030006073,-0.0885502075375556,0.088907984690735,0.0976295518988688,0.277803882180777,0.666571484696008
"Lambda","clr_ASV_23","AR_d2",-0.660871778097563,-0.293066213070377,-0.115416385471386,-0.117397943873279,0.0641610434291968,0.398085022030623
"Lambda","clr_ASV_23","AR_e1",-0.575706175469958,-0.285914492865291,-0.13450756099208,-0.134237193459067,0.0220990885539254,0.293704074646204
"Lambda","clr_ASV_23","AR_e2",-0.552253239935936,-0.271901034961096,-0.125928361413487,-0.123008576895266,0.0242855684770689,0.338882356521524
"Lambda","clr_ASV_24","AR_d1",-0.594429728814271,-0.209952094924656,0.00351186756882928,-0.00451992350870376,0.204885864019155,0.552095895650626
"Lambda","clr_ASV_24","AR_d2",-0.793995539274289,-0.421067807830418,-0.229650067188853,-0.233367241629238,-0.0432879138197715,0.313657922697367
"Lambda","clr_ASV_24","AR_e1",0.396946821117174,0.683574805705595,0.831078389638178,0.832244727021751,0.981586293654945,1.26324182088731
"Lambda","clr_ASV_24","AR_e2",-0.195461038364255,0.0911814048155305,0.247020863621902,0.246125710749286,0.396414497243287,0.708237236313973
"Lambda","clr_ASV_25","AR_d1",-0.756718429678434,-0.219489302433391,0.054970231347126,0.0733264507047478,0.356705323545018,0.934160175954604
"Lambda","clr_ASV_25","AR_d2",-0.448367645427601,0.0867909571402011,0.37323647134624,0.368708189193728,0.654357860894292,1.18478395276716
"Lambda","clr_ASV_25","AR_e1",-0.836235185875733,-0.404801628259542,-0.185892282622185,-0.178730838747886,0.056617982386523,0.506329877008821
"Lambda","clr_ASV_25","AR_e2",-0.64410642574161,-0.204216683726207,0.0326961599959963,0.0377767482359346,0.274454205701936,0.727714004360035
"Lambda","clr_ASV_26","AR_d1",-0.414503312463433,-0.0985755374874249,0.0852312994549825,0.0837598223552169,0.253968644555843,0.59915693561403
"Lambda","clr_ASV_26","AR_d2",-0.500628051758754,-0.167628772163315,0.0150980967694095,0.00796852323837335,0.177870775743306,0.511906120495658
"Lambda","clr_ASV_26","AR_e1",-0.65983720660309,-0.387818848606421,-0.240502318252766,-0.244099259652309,-0.106224410828125,0.161066122490605
"Lambda","clr_ASV_26","AR_e2",-0.314828863851409,-0.0369905422084505,0.108874241102178,0.108989503631846,0.254173945458677,0.53335976336872
"Lambda","clr_ASV_27","AR_d1",-1.31776637416287,-0.365571283053418,0.126389994745966,0.118194401054368,0.596068558919288,1.48554090707509
"Lambda","clr_ASV_27","AR_d2",-2.2542185884726,-1.33452022775222,-0.871526272978101,-0.874110787124246,-0.402411104867171,0.47375864410903
"Lambda","clr_ASV_27","AR_e1",-2.13204256799323,-1.41674827604962,-1.04948063192626,-1.04515194630135,-0.671057494794734,0.0400843268819518
"Lambda","clr_ASV_27","AR_e2",-2.13639236607553,-1.42387170005809,-1.0297668845632,-1.0275835663889,-0.651663429400249,0.140916499839887
"Lambda","clr_ASV_28","AR_d1",-0.867942215178462,-0.0208203043145679,0.415703306090253,0.41639992264532,0.852858580733628,1.69641122180052
"Lambda","clr_ASV_28","AR_d2",-0.890053494217008,-0.115521443897136,0.296403624236838,0.302133860381652,0.749772620621807,1.50486954227753
"Lambda","clr_ASV_28","AR_e1",-0.741124011726932,-0.0205086327693131,0.341948893823944,0.328126532469305,0.677205047076713,1.32344647877084
"Lambda","clr_ASV_28","AR_e2",0.0812640280699826,0.741207368602566,1.08662237938714,1.10045663220497,1.45460921105951,2.18532278057028
"Lambda","clr_ASV_29","AR_d1",-0.873878509683767,-0.2810411159438,0.0201537456268238,0.00648585528396692,0.294302787494338,0.862483905445312
"Lambda","clr_ASV_29","AR_d2",-1.49761239116863,-0.934743717139972,-0.657355437146327,-0.65992986706919,-0.384221350733709,0.130855410723417
"Lambda","clr_ASV_29","AR_e1",-1.45977478834364,-1.04186037027067,-0.812397228872917,-0.815380002445198,-0.593407386353167,-0.153644233055184
"Lambda","clr_ASV_29","AR_e2",-1.42915396422708,-0.96721515093668,-0.727591796541963,-0.732626843415447,-0.502549087919139,-0.0515017524924597
"Lambda","clr_ASV_3","AR_d1",-0.553526288716905,-0.0728984324369198,0.15935723685102,0.166319500959998,0.409842048771585,0.923761759339315
"Lambda","clr_ASV_3","AR_d2",-0.676611433312052,-0.181233899795908,0.0641054504920883,0.0585319397823428,0.303047141748796,0.749060536549702
"Lambda","clr_ASV_3","AR_e1",-0.706024752438328,-0.303274290530407,-0.106993959354469,-0.106122386780546,0.0972275122550543,0.453840134048661
"Lambda","clr_ASV_3","AR_e2",-0.412888999241752,-0.0487234861953229,0.173283319497953,0.171075487155434,0.382673790650684,0.768267145470337
"Lambda","clr_ASV_30","AR_d1",-0.43937537364945,0.0751645041492655,0.34524826812266,0.348078890338462,0.629415328587235,1.18959587491814
"Lambda","clr_ASV_30","AR_d2",-0.921140699143304,-0.318790401295988,-0.0448707382490494,-0.0497374251917807,0.239295939452374,0.721691327755821
"Lambda","clr_ASV_30","AR_e1",-0.977897500218927,-0.58836718369939,-0.357831432081961,-0.359592487665378,-0.126552918394389,0.293330108425605
"Lambda","clr_ASV_30","AR_e2",-1.53154476723937,-1.07364229098247,-0.846545031129914,-0.83931569162651,-0.590436542658183,-0.164206625420652
"Lambda","clr_ASV_31","AR_d1",-1.28722751749735,-0.48499409043721,-0.0444537404752324,-0.0414987305863181,0.390178479598893,1.21546275265665
"Lambda","clr_ASV_31","AR_d2",0.183795285060957,0.96352562040343,1.38974030890275,1.3834450800304,1.79750343797167,2.61756452623883
"Lambda","clr_ASV_31","AR_e1",-0.0184476843997867,0.639795710853455,0.989502996807158,0.985386973456366,1.3289229486449,1.98250821836458
"Lambda","clr_ASV_31","AR_e2",0.27440610862491,0.920721736783721,1.28701936820006,1.29018700578883,1.64140650981733,2.36703340152032
"Lambda","clr_ASV_32","AR_d1",-0.763951373238979,-0.147294771946601,0.176293089775256,0.179454620625642,0.486173222609904,1.09405322365251
"Lambda","clr_ASV_32","AR_d2",-1.24834103246868,-0.579538266457499,-0.267030573741856,-0.275200441858285,0.0353916149872452,0.639341318453193
"Lambda","clr_ASV_32","AR_e1",-1.82750686376705,-1.30587695630696,-1.06050916846971,-1.06202677126156,-0.808230204570516,-0.319488171270872
"Lambda","clr_ASV_32","AR_e2",-1.48539454369594,-0.979969124860966,-0.735541482213601,-0.717056111546374,-0.439704849730031,0.0358015534821697
"Lambda","clr_ASV_33","AR_d1",-0.491599949249942,0.244606763269848,0.640530126445234,0.637507689465655,1.01809498551209,1.75802558751664
"Lambda","clr_ASV_33","AR_d2",-1.14285704035401,-0.353804557019363,-0.0107386421767066,-0.00264063630530832,0.35888403413789,1.12138120598396
"Lambda","clr_ASV_33","AR_e1",-0.313009158610868,0.279593210165843,0.597275824872645,0.590662383569549,0.904977863540445,1.48535302029761
"Lambda","clr_ASV_33","AR_e2",-1.81095303878248,-1.22218115795727,-0.895589439546281,-0.904613287646833,-0.578674481232152,-0.0102639898437323
"Lambda","clr_ASV_34","AR_d1",-2.04377788104051,-0.836321119935956,-0.142650373785226,-0.152617465658384,0.488849761000763,1.76207541573377
"Lambda","clr_ASV_34","AR_d2",-1.37864242731881,-0.12859285831807,0.577252899986459,0.555599922834772,1.22689592628632,2.38350803256865
"Lambda","clr_ASV_34","AR_e1",-0.937858723971341,0.0649279289362018,0.627455539856711,0.630577145736786,1.16513010276296,2.27999822328138
"Lambda","clr_ASV_34","AR_e2",-0.388757954684271,0.63257718950507,1.17484992522025,1.21788335432942,1.7821351927877,3.05111052731575
"Lambda","clr_ASV_35","AR_d1",-0.00560881956160075,0.400622254068907,0.595482314201861,0.608100324299375,0.814147373932098,1.22392527134427
"Lambda","clr_ASV_35","AR_d2",-1.49223537576171,-1.07704096691466,-0.86370792299459,-0.87050242854486,-0.659352990337105,-0.297717414115955
"Lambda","clr_ASV_35","AR_e1",0.0326930617488166,0.34090345042177,0.517950436070914,0.513769812267429,0.681271814041624,1.01401241671452
"Lambda","clr_ASV_35","AR_e2",-1.66521097192491,-1.33145997682444,-1.16270656550403,-1.16153674130876,-0.98649978740892,-0.648930941810325
"Lambda","clr_ASV_36","AR_d1",-0.7941645233066,-0.337318334297036,-0.0881673190709006,-0.0851546345541096,0.159321476490043,0.649353740703305
"Lambda","clr_ASV_36","AR_d2",-1.03935240700734,-0.57147014583274,-0.342133433831638,-0.345910888498579,-0.120861096635354,0.32227524322089
"Lambda","clr_ASV_36","AR_e1",0.0249778418091156,0.3780164183509,0.564864388193695,0.558957679705958,0.737622605778877,1.10378333707012
"Lambda","clr_ASV_36","AR_e2",-0.560183236156968,-0.196605205683932,-0.0112893166139977,-0.00603373780156475,0.196561056034523,0.554305820376282
"Lambda","clr_ASV_37","AR_d1",-0.760158357078151,-0.38331702747897,-0.184330127455411,-0.181477231584152,0.00873514989002575,0.389442294094697
"Lambda","clr_ASV_37","AR_d2",0.720537353705772,1.09598740746108,1.28088590669568,1.28210177405499,1.47027301625419,1.8189592120824
"Lambda","clr_ASV_37","AR_e1",1.0266409539756,1.31906975432362,1.46476171533923,1.46344224048951,1.61504873253087,1.89082875660258
"Lambda","clr_ASV_37","AR_e2",1.29285600427918,1.59725335263712,1.75551004786685,1.75622947037721,1.92168833592078,2.20957687144934
"Lambda","clr_ASV_38","AR_d1",-0.948643579867346,0.136301456542947,0.6775053736348,0.676746807437277,1.21368499844121,2.33993937259156
"Lambda","clr_ASV_38","AR_d2",-1.41150365194471,-0.364156759471636,0.159875891122234,0.168937660172403,0.692968731671693,1.75409180966353
"Lambda","clr_ASV_38","AR_e1",-0.00676745109059037,0.886904284627695,1.32474621548262,1.32094349013514,1.76712589063458,2.63138496671065
"Lambda","clr_ASV_38","AR_e2",-0.847416385188175,-0.0517357660454966,0.412577503039393,0.432574599183389,0.920913516044359,1.76142449969183
"Lambda","clr_ASV_39","AR_d1",-1.55035327836871,-0.639054299410792,-0.158287779817683,-0.136459942499801,0.366661660171018,1.26968477387232
"Lambda","clr_ASV_39","AR_d2",0.301385563308437,1.20411867973692,1.68185332910135,1.67960662010067,2.12621556634115,3.15832720109228
"Lambda","clr_ASV_39","AR_e1",0.970578094665243,1.72004548105072,2.12765055577499,2.14430575300803,2.57061506052842,3.37619363113543
"Lambda","clr_ASV_39","AR_e2",0.411999125941409,1.1900905160291,1.61325796896547,1.61307162901575,2.03658404505246,2.88839919210044
"Lambda","clr_ASV_4","AR_d1",-0.562854410508672,-0.0737972607993734,0.163498335112813,0.164941587431872,0.40901592638384,0.855865715945428
"Lambda","clr_ASV_4","AR_d2",-0.306520907948762,0.174765081362654,0.407019075384575,0.407732406790363,0.650283647296156,1.09544446844064
"Lambda","clr_ASV_4","AR_e1",-0.913072718361601,-0.509544287935091,-0.314420992507313,-0.320456990621388,-0.123669272348184,0.235393966815833
"Lambda","clr_ASV_4","AR_e2",-0.796424994336059,-0.43957183328845,-0.225487615474408,-0.227128352371239,-0.0210693223486478,0.344704575834666
"Lambda","clr_ASV_40","AR_d1",-0.370741964076607,0.0241205907711154,0.22576738726953,0.226856612248979,0.436187279126509,0.80768332687052
"Lambda","clr_ASV_40","AR_d2",-0.620150639256128,-0.26275866253726,-0.0564126299288649,-0.0602593153494186,0.142260609190751,0.492972577445124
"Lambda","clr_ASV_40","AR_e1",-0.874332410797383,-0.538210240467321,-0.380696528967909,-0.38258009751634,-0.226634443215671,0.109529512419421
"Lambda","clr_ASV_40","AR_e2",-0.775047871983504,-0.469806614038612,-0.294020829898429,-0.296983759698129,-0.126314185590547,0.181016167791794
"Lambda","clr_ASV_41","AR_d1",-2.02776388144927,-0.428758380882215,0.277065135579095,0.279289493280046,0.995701421654115,2.38245149479534
"Lambda","clr_ASV_41","AR_d2",-1.2495854173389,0.066820038547729,0.748949061518126,0.747849043831931,1.42656818315893,2.87661964826219
"Lambda","clr_ASV_41","AR_e1",-0.220881627572672,0.8346410921813,1.45017948723582,1.46089201670164,2.03326636878925,3.23736385290776
"Lambda","clr_ASV_41","AR_e2",0.0837330680540322,1.1961358373982,1.77391248904167,1.80751177574891,2.39839646536212,3.66399473974853
"Lambda","clr_ASV_42","AR_d1",-1.26625814840237,-0.58719353586811,-0.276789863171041,-0.26979184923868,0.0727192287001827,0.701477731547629
"Lambda","clr_ASV_42","AR_d2",-0.296889802962,0.337379683364187,0.653720948425193,0.657982486268774,0.978065156762334,1.56927023122612
"Lambda","clr_ASV_42","AR_e1",0.154053532056815,0.583840470607375,0.832577429439437,0.849903506394728,1.10798293872733,1.62323173277877
"Lambda","clr_ASV_42","AR_e2",0.104658179640935,0.631691908320856,0.899297704663594,0.90137555535337,1.18176010389671,1.6925356100754
"Lambda","clr_ASV_43","AR_d1",-0.544525334858245,0.448591020290487,0.877422494081527,0.890557584893898,1.34469785033247,2.30229024749655
"Lambda","clr_ASV_43","AR_d2",0.0208883778645976,0.769495192251426,1.20683801185809,1.23407996454772,1.65420114939018,2.62618521992253
"Lambda","clr_ASV_43","AR_e1",0.824134464232978,1.53013270211601,1.93511919261909,1.94761597265553,2.34114995369576,3.17539062106621
"Lambda","clr_ASV_43","AR_e2",1.32902155797598,2.06923330630229,2.44768534601188,2.47737748159656,2.88262030617398,3.70966739824248
"Lambda","clr_ASV_44","AR_d1",-2.43425381881092,-1.42195262215702,-0.798303244194924,-0.788732223760068,-0.199468572220707,1.06547637082029
"Lambda","clr_ASV_44","AR_d2",0.743285840015693,1.78748064573637,2.32901391141732,2.34168105773504,2.87200538461524,4.05603444885757
"Lambda","clr_ASV_44","AR_e1",2.07133110467883,2.99868165046881,3.46232462270371,3.46899035057521,3.95361427569002,4.87050565321326
"Lambda","clr_ASV_44","AR_e2",1.58986010578513,2.4844808388506,2.95175732747196,2.98875457575233,3.48887212404004,4.42963091712529
"Lambda","clr_ASV_45","AR_d1",-0.684368068387588,-0.191545042629079,0.0473083223794254,0.0446811312713211,0.288796248010276,0.739103410526691
"Lambda","clr_ASV_45","AR_d2",-1.05350920772017,-0.610676576269657,-0.368533228409526,-0.366511459407119,-0.135218894072384,0.320389319528595
"Lambda","clr_ASV_45","AR_e1",-0.562186250365105,-0.206186529718265,-0.0362498015407843,-0.0205522775287981,0.158948067073712,0.55160236395026
"Lambda","clr_ASV_45","AR_e2",-0.814268102535811,-0.454160220541781,-0.255281556498152,-0.25567402903315,-0.0593286823537448,0.325927076496318
"Lambda","clr_ASV_46","AR_d1",-1.65170758483742,-0.770974207409628,-0.335888052776169,-0.33584752702231,0.106843413705125,0.973984210239817
"Lambda","clr_ASV_46","AR_d2",0.175551640691973,0.984505237908977,1.40245881407529,1.41594480286532,1.81581623827469,2.79318936021507
"Lambda","clr_ASV_46","AR_e1",0.624723969169715,1.38362502903951,1.7561438898766,1.7857122286885,2.19345114229314,3.00821594333798
"Lambda","clr_ASV_46","AR_e2",1.18545285107128,1.89575483936921,2.29367315793748,2.30481737991537,2.70385188955898,3.49312997948566
"Lambda","clr_ASV_47","AR_d1",-0.870476508278789,-0.218890544669186,0.110376564913831,0.10909850512306,0.441494999326207,1.07447001006905
"Lambda","clr_ASV_47","AR_d2",-1.2760457336348,-0.659402634048751,-0.322132607571491,-0.332041537663362,-0.00659469182583584,0.633432296232756
"Lambda","clr_ASV_47","AR_e1",-0.901682265333696,-0.414063590757092,-0.155811010157648,-0.152811131093976,0.106851448232849,0.61558797724536
"Lambda","clr_ASV_47","AR_e2",-0.492970423744134,-0.0484652416246928,0.227324309890761,0.238060125412397,0.505570423700373,1.03040711940961
"Lambda","clr_ASV_48","AR_d1",-0.144781178426764,0.120900303937319,0.284481502018809,0.280779260658633,0.434819505403924,0.732877514268801
"Lambda","clr_ASV_48","AR_d2",-0.459777439474241,-0.159521761985381,-0.0166848335468482,-0.0197690515086295,0.125294584758841,0.417057661740566
"Lambda","clr_ASV_48","AR_e1",-0.0877866367249021,0.170271580154015,0.294039158429068,0.287381676909759,0.411610265133509,0.629348557020781
"Lambda","clr_ASV_48","AR_e2",-0.509535158403082,-0.26903803562199,-0.148603047927006,-0.143805087819642,-0.0167554588826901,0.228581787484165
"Lambda","clr_ASV_49","AR_d1",-0.554350445588686,0.0699513729723162,0.392631262068333,0.385249161590687,0.699554679298632,1.33067370447983
"Lambda","clr_ASV_49","AR_d2",0.053889045310827,0.593873892032148,0.88348125817065,0.901830491206153,1.2129105569875,1.78690265185773
"Lambda","clr_ASV_49","AR_e1",0.099257356629333,0.568664892275242,0.815690722556123,0.823573437175193,1.07566981164762,1.55445014491931
"Lambda","clr_ASV_49","AR_e2",0.647865189083071,1.12955566439688,1.38342228431579,1.38792333141335,1.6395355121159,2.14892971242666
"Lambda","clr_ASV_5","AR_d1",-0.422096943649451,0.058181510097886,0.283705532251266,0.28937538586096,0.533260609882847,1.01196318056712
"Lambda","clr_ASV_5","AR_d2",-0.929354993911763,-0.47129044728833,-0.204374619647228,-0.218987484316452,0.0251427354377484,0.484081984364578
"Lambda","clr_ASV_5","AR_e1",-0.781865628876418,-0.406259351675933,-0.209747139919448,-0.214778921555987,-0.0233560933600865,0.341075772734674
"Lambda","clr_ASV_5","AR_e2",-0.804080362066643,-0.401060382414583,-0.198761559088231,-0.20463996917979,-0.000590884936354778,0.354410373427774
"Lambda","clr_ASV_50","AR_d1",-2.12484652227034,-1.12760365301017,-0.581882743874121,-0.592131982246828,-0.0579554711888636,1.02044954325561
"Lambda","clr_ASV_50","AR_d2",-2.08516189259483,-1.12850943753705,-0.569312855076677,-0.583299847945696,-0.0468378854199871,0.91904204212552
"Lambda","clr_ASV_50","AR_e1",-0.34585720471315,0.451691676893492,0.889743741415711,0.890612166771373,1.3119096943159,2.14506825685079
"Lambda","clr_ASV_50","AR_e2",-1.49740548815219,-0.63466289040953,-0.193643223201271,-0.181412933086558,0.26029759432377,1.12752297849456
"Lambda","clr_ASV_51","AR_d1",-0.937682046125887,-0.0747294052312507,0.351555370253195,0.341621252832638,0.769807886499921,1.53744276100791
"Lambda","clr_ASV_51","AR_d2",-1.32052843367445,-0.544483225513596,-0.150986039788675,-0.162405911818692,0.213583472795156,1.03696666504384
"Lambda","clr_ASV_51","AR_e1",-2.64029922948625,-1.96526183321102,-1.62909057381097,-1.63520160760349,-1.30487880286916,-0.596936342157034
"Lambda","clr_ASV_51","AR_e2",-2.31801555288048,-1.6869160054969,-1.30285433240284,-1.3096062421937,-0.968777330617245,-0.20854567037467
"Lambda","clr_ASV_52","AR_d1",-1.14931587433085,-0.338410701322916,0.0600585964711946,0.0420841345428428,0.433241723994506,1.11742066488694
"Lambda","clr_ASV_52","AR_d2",-2.8249445861632,-2.02877964366651,-1.64685522487372,-1.63699933686358,-1.20925996833639,-0.481837340854988
"Lambda","clr_ASV_52","AR_e1",-2.06030349637066,-1.3855905800957,-1.04693209481208,-1.05472762094522,-0.724346118744679,-0.0777865363358819
"Lambda","clr_ASV_52","AR_e2",-3.23738012509309,-2.54823407679318,-2.1897696391028,-2.20161816331125,-1.83563262301612,-1.2180075880439
"Lambda","clr_ASV_54","AR_d1",-3.17721905374249,-1.99906979533163,-1.41271548208483,-1.43383348316415,-0.85376496056449,0.223027362523675
"Lambda","clr_ASV_54","AR_d2",-0.48011597245488,0.47971676777199,1.01933050645966,1.0319799859536,1.55209245279353,2.64502231999249
"Lambda","clr_ASV_54","AR_e1",-1.32620295683504,-0.439664358999828,0.0136740220258476,0.00814263751067614,0.451833180003307,1.38669538050062
"Lambda","clr_ASV_54","AR_e2",-0.26694054878832,0.634465374023428,1.09566290155772,1.10210449101648,1.53987758026665,2.49515983905974
"Lambda","clr_ASV_55","AR_d1",-0.993864599594551,-0.536535530950956,-0.249474981696299,-0.246128554504157,0.0179803888582552,0.585956948135222
"Lambda","clr_ASV_55","AR_d2",-1.54240185868492,-1.01114090600676,-0.746592313742922,-0.75031920006922,-0.482168449309291,0.0173040054331996
"Lambda","clr_ASV_55","AR_e1",-2.25346530360908,-1.797266154318,-1.58064469751441,-1.5832914736214,-1.35942696064635,-0.944790375178576
"Lambda","clr_ASV_55","AR_e2",-2.06643741639384,-1.60609952464311,-1.38745775972803,-1.38373263279216,-1.15054492071541,-0.755113172405006
"Lambda","clr_ASV_56","AR_d1",-0.664358607418478,0.0958282995576366,0.453019605418453,0.465095879022671,0.843797466753501,1.54045483294283
"Lambda","clr_ASV_56","AR_d2",-2.12979763418927,-1.35769436033171,-0.976893459468092,-0.98499424126947,-0.612697527597282,0.138220782947845
"Lambda","clr_ASV_56","AR_e1",-1.27647629185289,-0.678245238187334,-0.365213041422221,-0.360793242870985,-0.0369712057205948,0.575890055155356
"Lambda","clr_ASV_56","AR_e2",-2.41229735322665,-1.71067813655797,-1.39251153027823,-1.39398271084618,-1.05587376521741,-0.425647555796323
"Lambda","clr_ASV_57","AR_d1",-1.38801089617473,-0.461218009104519,0.01457119717197,-0.00549075509647018,0.449245066725844,1.35293269581826
"Lambda","clr_ASV_57","AR_d2",-0.534926603139417,0.291803350419939,0.727440965520748,0.741137324772763,1.18892617750186,2.08786382610876
"Lambda","clr_ASV_57","AR_e1",-0.600953865846613,0.158258737790505,0.602000754620731,0.60035994711599,1.00205696450294,1.93457150244759
"Lambda","clr_ASV_57","AR_e2",0.205905030217385,1.02457825938958,1.46228653577981,1.47375328744061,1.91631857912202,2.7838344306924
"Lambda","clr_ASV_58","AR_d1",-0.838192175127567,-0.104251107727584,0.269870373716234,0.282168912105437,0.65023448370848,1.41700808227932
"Lambda","clr_ASV_58","AR_d2",-0.234675460749623,0.483298365227982,0.847098022596344,0.863665101155455,1.21404769987977,2.08158044237194
"Lambda","clr_ASV_58","AR_e1",-0.0909762704914869,0.535878170288446,0.882234182789245,0.900358170093782,1.25630880219337,1.96228902181992
"Lambda","clr_ASV_58","AR_e2",0.129472592660112,0.729258916595538,1.07334731781293,1.08659633863549,1.4349839141218,2.09271330345644
"Lambda","clr_ASV_59","AR_d1",-0.638051345860288,-0.165441178643777,0.0662540148286779,0.0586511367288782,0.29144209491857,0.719633169449663
"Lambda","clr_ASV_59","AR_d2",-1.10618570002568,-0.617732756167627,-0.39051895996643,-0.391313826548973,-0.161818822294819,0.331468025643993
"Lambda","clr_ASV_59","AR_e1",-2.21819196966926,-1.8496409040487,-1.64915786552205,-1.65166868915496,-1.45474051213287,-1.07507157336658
"Lambda","clr_ASV_59","AR_e2",-1.54399448313535,-1.15560171391726,-0.966449362994872,-0.965966225764386,-0.783945850052449,-0.375335428446273
"Lambda","clr_ASV_6","AR_d1",-0.768208318481877,-0.17792200776148,0.124467241302209,0.127066566428653,0.455270582354452,1.01050171187457
"Lambda","clr_ASV_6","AR_d2",-1.24015889084474,-0.674437856075879,-0.376530567477828,-0.37127734230669,-0.074088270221873,0.534119370482615
"Lambda","clr_ASV_6","AR_e1",-1.3055021298612,-0.863943047766337,-0.622173404539248,-0.620636308525694,-0.386209282663659,0.111435875829558
"Lambda","clr_ASV_6","AR_e2",-1.1632390412355,-0.669157186521536,-0.423958307022945,-0.427421668541069,-0.184572584730502,0.276530695134424
"Lambda","clr_ASV_60","AR_d1",-0.934267473855041,-0.53266739729977,-0.310512780000357,-0.317673506893727,-0.102294069165969,0.287030705876147
"Lambda","clr_ASV_60","AR_d2",-0.41368292992333,-0.0405995490834897,0.159816544854724,0.153628998175864,0.345386647452131,0.730210180392757
"Lambda","clr_ASV_60","AR_e1",-0.492964161151636,-0.190697598626808,-0.0399115319588349,-0.0318248669710877,0.137476736812312,0.42720901157494
"Lambda","clr_ASV_60","AR_e2",-0.495594756326947,-0.19556733390849,-0.0241936841804142,-0.0253374576644888,0.143568934081001,0.475635990235673
"Lambda","clr_ASV_61","AR_d1",-2.06934052832509,-1.11860758220298,-0.629055787302606,-0.6352461460517,-0.135082200209198,0.685625425758863
"Lambda","clr_ASV_61","AR_d2",-2.11225490713659,-1.24541709320858,-0.793682193390765,-0.798244338769105,-0.340821872078452,0.525794033634738
"Lambda","clr_ASV_61","AR_e1",-2.42627458823614,-1.69411938777735,-1.34144161513475,-1.34073575893126,-0.978961621410383,-0.311651309532135
"Lambda","clr_ASV_61","AR_e2",-1.05013344379741,-0.346198932925574,0.00122465912459641,0.0255634369069613,0.404861762626804,1.15918394212412
"Lambda","clr_ASV_62","AR_d1",-0.798122934362186,-0.451887887390075,-0.296180493856912,-0.297173029033669,-0.135359217163766,0.177672128048384
"Lambda","clr_ASV_62","AR_d2",-0.659587072922997,-0.351857323737063,-0.20780564504117,-0.204239080906939,-0.0449807721503741,0.236218068069435
"Lambda","clr_ASV_62","AR_e1",-1.12672337698961,-0.859180935060718,-0.73199525298896,-0.729376652900521,-0.598831485535257,-0.344639423684995
"Lambda","clr_ASV_62","AR_e2",-0.664662029494637,-0.415058072019451,-0.271919148536913,-0.281311776910988,-0.151280162122314,0.0876643002333165
"Lambda","clr_ASV_63","AR_d1",-1.57430534042179,-0.594409360484226,-0.0698177064082684,-0.062565461364655,0.438002970101408,1.46127937426638
"Lambda","clr_ASV_63","AR_d2",0.0607571012307816,1.07773988247097,1.57567366019066,1.58116050954546,2.08279303354349,3.11765876282934
"Lambda","clr_ASV_63","AR_e1",0.401030710361128,1.23341003046255,1.69425165225671,1.71475681112567,2.1723514775132,3.1026596745718
"Lambda","clr_ASV_63","AR_e2",0.588701358597521,1.48141327344794,1.90735359185601,1.93051285250888,2.39833680678972,3.30228787378847
"Lambda","clr_ASV_64","AR_d1",-2.23589824369859,-0.612913853485191,0.0927770032686503,0.137520464312467,0.947156871919294,2.55497612701351
"Lambda","clr_ASV_64","AR_d2",-1.94674482149613,-0.513702873284435,0.221836497042908,0.246685148862052,0.968062163192656,2.5886320650411
"Lambda","clr_ASV_64","AR_e1",-2.46985034982089,-1.27132514494405,-0.666398361751346,-0.649017125603726,-0.00258079040673593,1.12457436851435
"Lambda","clr_ASV_64","AR_e2",-0.990099981305559,0.17515914597568,0.803905699148233,0.81615869639774,1.43762637906003,2.76231270788862
"Lambda","clr_ASV_65","AR_d1",-3.39336720165933,-2.21996667892753,-1.59865492638692,-1.60700943536145,-1.00310685197743,0.17066539563581
"Lambda","clr_ASV_65","AR_d2",-2.8437254648033,-1.61379315968988,-1.02155867619752,-1.03716295046292,-0.467176618563395,0.639389940585338
"Lambda","clr_ASV_65","AR_e1",-1.5264616327191,-0.571763092603314,-0.0738626712554826,-0.0659042046978511,0.432760329120113,1.43273914830836
"Lambda","clr_ASV_65","AR_e2",-2.52677930100601,-1.42856551116544,-0.938721327061009,-0.951854611444457,-0.44472011701997,0.517387233147203
"Lambda","clr_ASV_66","AR_d1",-2.21509940819012,-1.38971494495188,-0.972672216118218,-0.968452447740423,-0.542084203945314,0.213005352906742
"Lambda","clr_ASV_66","AR_d2",-2.26689268852899,-1.51057757630458,-1.12005699523475,-1.10074856837316,-0.692400669817841,0.0679913306455606
"Lambda","clr_ASV_66","AR_e1",-2.08322732650813,-1.41354275598654,-1.08417077749027,-1.06999825510471,-0.731927740540621,-0.0180863701053371
"Lambda","clr_ASV_66","AR_e2",-2.2096580372267,-1.52051484451353,-1.16626269087042,-1.16789335973054,-0.799648395987157,-0.160347871356063
"Lambda","clr_ASV_67","AR_d1",-1.81103948726583,-0.774090868505359,-0.257008680562106,-0.279193775530866,0.218545982268826,1.18482415943839
"Lambda","clr_ASV_67","AR_d2",-0.990143715121245,-0.058703357763226,0.471799056210705,0.458296245578653,0.940240405745604,1.99341735597698
"Lambda","clr_ASV_67","AR_e1",-1.01068154071115,-0.23094121783281,0.194989371635703,0.219252701425232,0.669965300743386,1.55844885524286
"Lambda","clr_ASV_67","AR_e2",-0.930543223578326,-0.0973604881078352,0.352864035049726,0.370814037476884,0.810558912232962,1.76832903503369
"Lambda","clr_ASV_68","AR_d1",-1.06171839242058,-0.475438782763814,-0.202318339727058,-0.198800525222059,0.0863232844342373,0.630859398519456
"Lambda","clr_ASV_68","AR_d2",-0.919742574735956,-0.418610091817256,-0.126514618619696,-0.122130235113541,0.17562927833196,0.703809310549591
"Lambda","clr_ASV_68","AR_e1",-1.18812081560589,-0.741728356431445,-0.519311217608961,-0.50796622136081,-0.264867825990914,0.214043459601477
"Lambda","clr_ASV_68","AR_e2",-0.724359670946434,-0.276115726085368,-0.0195171197728526,-0.015724752260724,0.237477057636055,0.694145622230688
"Lambda","clr_ASV_69","AR_d1",-1.6764400976109,-0.906217047212244,-0.523955699328426,-0.510167369672522,-0.0993753859242538,0.65151732906327
"Lambda","clr_ASV_69","AR_d2",-2.08129777824589,-1.34648702770022,-0.970824328178818,-0.959313190406373,-0.572553306767148,0.160377022395478
"Lambda","clr_ASV_69","AR_e1",-2.09749345610677,-1.45639649346685,-1.12201071076923,-1.11871521281087,-0.793173765387096,-0.139307986504109
"Lambda","clr_ASV_69","AR_e2",-2.03884894127796,-1.3717488916569,-1.00742248608031,-1.01480985679453,-0.676326422837457,0.0511258849990257
"Lambda","clr_ASV_7","AR_d1",-0.765172576223527,-0.304767443160308,-0.0570608420461023,-0.0501775194269878,0.200340169030714,0.672958746151955
"Lambda","clr_ASV_7","AR_d2",-1.03500042017366,-0.558881171327609,-0.314927066651914,-0.320001552326733,-0.0757029267884057,0.375660184227793
"Lambda","clr_ASV_7","AR_e1",-1.43383620825791,-1.08620792318314,-0.875043150382302,-0.881705252570789,-0.674713879275862,-0.337670603749815
"Lambda","clr_ASV_7","AR_e2",-1.0983261163249,-0.721943559261585,-0.522458062143029,-0.528693809120767,-0.330727685080238,0.0519160118961022
"Lambda","clr_ASV_70","AR_d1",-0.947676362034886,-0.466409684337137,-0.20183417617368,-0.206699462043596,0.0539235946172156,0.561393617759038
"Lambda","clr_ASV_70","AR_d2",-1.36312139572317,-0.895170495380208,-0.654063078652214,-0.647067952711722,-0.392726299220839,0.0782986811287501
"Lambda","clr_ASV_70","AR_e1",-0.391320413973249,-0.00883128566442723,0.185551084756891,0.184563819802926,0.375777708444272,0.771706289231287
"Lambda","clr_ASV_70","AR_e2",-1.31589590274624,-0.926379981939673,-0.717312210205811,-0.721468389769271,-0.516960362847204,-0.133967045706214
"Lambda","clr_ASV_71","AR_d1",-1.85440228063015,-1.03283525303318,-0.551854931739793,-0.559886373915405,-0.112719102913635,0.709244168359627
"Lambda","clr_ASV_71","AR_d2",-0.69240696239216,0.182613094159021,0.623694517420866,0.620733808185935,1.03953945063959,2.00933773207368
"Lambda","clr_ASV_71","AR_e1",-0.543537950623749,0.150228587846111,0.516438501154613,0.516525033465199,0.872394859745052,1.66308333613832
"Lambda","clr_ASV_71","AR_e2",-0.354769848595068,0.413021779493386,0.772989622668137,0.793223313821254,1.16874846924242,1.92544059825012
"Lambda","clr_ASV_72","AR_d1",-2.18499560171669,-0.893516151713848,-0.228989536429873,-0.238575621533711,0.418018609130258,1.67015569745835
"Lambda","clr_ASV_72","AR_d2",-1.83765632054787,-0.722194356206381,-0.111467020292971,-0.104915967539752,0.496884129427768,1.68365809789752
"Lambda","clr_ASV_72","AR_e1",-1.00398199647371,0.0313052198289652,0.513482173578778,0.522795057207844,1.02206073604464,2.04457768660557
"Lambda","clr_ASV_72","AR_e2",-2.2011422317465,-1.1982620482334,-0.696708022507485,-0.673029015991604,-0.161187256074119,0.966907152651346
"Lambda","clr_ASV_73","AR_d1",-2.48414303491311,-1.32404696169113,-0.766574419402255,-0.784306654120324,-0.237968629450021,0.833129301568437
"Lambda","clr_ASV_73","AR_d2",-2.69779417045259,-1.69834927175302,-1.21538602467128,-1.19780396396178,-0.683082282785849,0.297619089550979
"Lambda","clr_ASV_73","AR_e1",-3.55234889537321,-2.58506358399238,-2.11634007057168,-2.12817145389922,-1.6703146568394,-0.79492065856186
"Lambda","clr_ASV_73","AR_e2",-3.36002601079108,-2.37934419188206,-1.93403452875032,-1.93991660478513,-1.50340502436691,-0.592826378758485
"Lambda","clr_ASV_74","AR_d1",-1.71842885366669,-0.978995991775685,-0.578993756576257,-0.58074319469135,-0.189653151786473,0.562531835240045
"Lambda","clr_ASV_74","AR_d2",-1.58128370123421,-0.815255170599356,-0.413524726965263,-0.425254804154361,-0.029161248830125,0.655858447105432
"Lambda","clr_ASV_74","AR_e1",-2.26644456541777,-1.62373153357546,-1.27785268802217,-1.29085335436792,-0.954533455817736,-0.377691541210164
"Lambda","clr_ASV_74","AR_e2",-1.62951000578205,-0.945884680987111,-0.606051539558009,-0.619552067961067,-0.301284857612993,0.336211186773419
"Lambda","clr_ASV_75","AR_d1",-0.842386906077837,-0.143289898671471,0.225476029427042,0.233796711355661,0.599111139305216,1.42320656718179
"Lambda","clr_ASV_75","AR_d2",-1.11245593465356,-0.460518589482695,-0.0865939613939124,-0.0867009258596552,0.277163194733229,1.02397417889399
"Lambda","clr_ASV_75","AR_e1",-1.12042142442344,-0.579927037880831,-0.255893635197439,-0.266154025634414,0.0451070914960167,0.578406253169929
"Lambda","clr_ASV_75","AR_e2",-2.32206112894671,-1.72018847052028,-1.39693597888336,-1.38915877474776,-1.04473430510896,-0.467095639654688
"Lambda","clr_ASV_76","AR_d1",-0.607461995868047,0.243367780483214,0.668211258858224,0.655241705695605,1.06922629880079,1.83265741580446
"Lambda","clr_ASV_76","AR_d2",-0.942261834454964,-0.18763136590986,0.194438053999365,0.203037057995966,0.582834102834361,1.34042080994967
"Lambda","clr_ASV_76","AR_e1",-0.495697746939437,0.0960892754732748,0.423385558082023,0.435815907631056,0.74882441470293,1.4613744670636
"Lambda","clr_ASV_76","AR_e2",-0.480042088510206,0.19556023567714,0.537651137261762,0.542572905530587,0.889792528548038,1.5910589316536
"Lambda","clr_ASV_77","AR_d1",-2.82147974633798,-1.76805510753943,-1.21101487987477,-1.20899404173012,-0.660522098339674,0.434665700982237
"Lambda","clr_ASV_77","AR_d2",-0.741524651628585,0.251883277021614,0.793042056189276,0.801605146935616,1.34836612519548,2.42627759663354
"Lambda","clr_ASV_77","AR_e1",1.43444984090093,2.29183774362348,2.76348518639147,2.77351927473538,3.24198914829821,4.24298564061726
"Lambda","clr_ASV_77","AR_e2",1.60116549706823,2.51604005292532,2.98948259941213,3.00231533944756,3.494589158507,4.43158071124096
"Lambda","clr_ASV_79","AR_d1",-1.2360665197228,-0.457652668266511,-0.0509495527049422,-0.0369522962404338,0.368087197893099,1.22169592311583
"Lambda","clr_ASV_79","AR_d2",0.0633825990744928,0.888129150887839,1.27082692146807,1.28153784285929,1.68274400395998,2.45656467591981
"Lambda","clr_ASV_79","AR_e1",0.303326369141976,0.951648868000282,1.2917373810139,1.29341366776854,1.63973339696299,2.30369094134439
"Lambda","clr_ASV_79","AR_e2",0.598334559078671,1.22416745764686,1.60521715905529,1.60381483325558,1.95219215346792,2.65255131746027
"Lambda","clr_ASV_8","AR_d1",-0.528542507248966,-0.0724935116778632,0.154947685160846,0.15823349725588,0.383570228596713,0.858545955546571
"Lambda","clr_ASV_8","AR_d2",-0.751077777334926,-0.246861259565154,-0.00285212953130185,-0.0144213586659841,0.219952892899459,0.62777674852858
"Lambda","clr_ASV_8","AR_e1",-0.565570528206613,-0.196532337614335,-0.0101200856267376,-0.0129204624642957,0.170166526562572,0.525382223681152
"Lambda","clr_ASV_8","AR_e2",-0.584821897608076,-0.195649752280238,-0.0165241674186887,-0.0132577628027026,0.177107372629826,0.548589152565134
"Lambda","clr_ASV_80","AR_d1",-1.35785095715219,-0.839037740173402,-0.589854039911744,-0.589977569517703,-0.324843250052527,0.137258099018164
"Lambda","clr_ASV_80","AR_d2",-0.713955708511764,-0.205242179500618,0.0233602706314154,0.0314989630157529,0.279289323149738,0.725691023878499
"Lambda","clr_ASV_80","AR_e1",-0.619748373781812,-0.225748245246624,-0.0229099715492625,-0.0178887036953917,0.190493096824317,0.578659556770959
"Lambda","clr_ASV_80","AR_e2",-0.661408404172559,-0.28486324488288,-0.0649421688732314,-0.066411715618931,0.142316789296107,0.5742839309314
"Lambda","clr_ASV_81","AR_d1",-1.35614226712465,-0.0507128851787821,0.580141561004336,0.578580295264184,1.22159090231625,2.41326539450761
"Lambda","clr_ASV_81","AR_d2",0.0766237958688042,1.10274843770144,1.70059189403205,1.74045670362225,2.33125489077117,3.64552710269993
"Lambda","clr_ASV_81","AR_e1",0.129392993420028,1.23852842645728,1.76163249087198,1.76624885259641,2.28878686450041,3.46799037186832
"Lambda","clr_ASV_81","AR_e2",-0.0618542836297034,1.02009602539319,1.55981185613716,1.5686954079603,2.1113528105993,3.27330920852271
"Lambda","clr_ASV_82","AR_d1",-1.03243165153918,-0.506230320302553,-0.234214367660012,-0.216387245643182,0.0703747307237094,0.62411382597343
"Lambda","clr_ASV_82","AR_d2",-0.77515031278124,-0.248630577013017,0.030625658973114,0.0230888214592907,0.297861632055159,0.815406653854403
"Lambda","clr_ASV_82","AR_e1",-0.958253682409885,-0.498974111787089,-0.26203064888729,-0.257244580349693,-0.0179966169474073,0.424823090970386
"Lambda","clr_ASV_82","AR_e2",-0.933001398438955,-0.469265007576001,-0.239794861760644,-0.228944822823995,-0.00438060530364038,0.482716787630338
"Lambda","clr_ASV_83","AR_d1",-0.0938158099125668,0.982429428945426,1.50344122317116,1.50512047747802,2.02266341762349,3.13600991464347
"Lambda","clr_ASV_83","AR_d2",-0.712612392949994,0.291315644341166,0.789151644277766,0.809159219516512,1.31242234866791,2.42779273771824
"Lambda","clr_ASV_83","AR_e1",0.514296543876938,1.31674285215014,1.73631656769015,1.75754635053767,2.20907295759263,3.10025636673763
"Lambda","clr_ASV_83","AR_e2",-1.56654062284832,-0.735840945653347,-0.261418022284167,-0.238753691425065,0.231936874161568,1.15651521285094
"Lambda","clr_ASV_85","AR_d1",-1.03258683269909,-0.34370255687528,0.0254243230559294,0.0209576078645948,0.366832434144852,1.12244715076648
"Lambda","clr_ASV_85","AR_d2",-0.697835376973402,-0.0183851085961607,0.307026626920054,0.316698744359487,0.656955576681736,1.34532383001114
"Lambda","clr_ASV_85","AR_e1",0.313353473065473,0.848889738433581,1.17031483987537,1.16692351311511,1.47453700406761,2.07595077071496
"Lambda","clr_ASV_85","AR_e2",0.266100189478113,0.829903074808283,1.11801675076047,1.13363686570582,1.42678966351921,2.05020699247303
"Lambda","clr_ASV_86","AR_d1",-0.454084112162347,0.0490246149610754,0.312867850358279,0.311800937005058,0.567628054016162,1.08956561142287
"Lambda","clr_ASV_86","AR_d2",-0.884190511705219,-0.370642925003028,-0.103058248291229,-0.106339549089072,0.167201786709421,0.67861867984662
"Lambda","clr_ASV_86","AR_e1",-0.0164279492217205,0.400852075548555,0.602519404097616,0.610758287096226,0.819538609765256,1.23717558785682
"Lambda","clr_ASV_86","AR_e2",-0.281992186149223,0.130666235762971,0.34180028567268,0.347433538062164,0.565091980283222,1.01801592191891
"Lambda","clr_ASV_87","AR_d1",-1.58574161873444,-0.739687856850315,-0.313366344799732,-0.311315600896092,0.125937942084301,0.968011303050051
"Lambda","clr_ASV_87","AR_d2",-3.19179308580652,-2.24802484136908,-1.81056014771161,-1.82699468452527,-1.39783640060987,-0.612598419966912
"Lambda","clr_ASV_87","AR_e1",-2.66087369231701,-1.90135526105959,-1.50109466762981,-1.50318222192497,-1.11237889282746,-0.394665075652204
"Lambda","clr_ASV_87","AR_e2",-3.34302283908272,-2.48168371144845,-2.08132283379542,-2.095996347832,-1.70561725191004,-0.937534316339207
"Lambda","clr_ASV_88","AR_d1",-0.990107370860304,0.0182027321889545,0.501527397866949,0.498548434150119,0.999495867196379,1.90458759915068
"Lambda","clr_ASV_88","AR_d2",-2.19103100470952,-1.24222810661713,-0.755473268719129,-0.768471406880585,-0.315580709059273,0.607418718194445
"Lambda","clr_ASV_88","AR_e1",-1.96738382984756,-1.15440055635755,-0.798315839825367,-0.795466119095896,-0.413754572112959,0.321280065431271
"Lambda","clr_ASV_88","AR_e2",-1.59432732681331,-0.83193399285586,-0.421120081940458,-0.425259597088597,-0.0267572479627144,0.7718241799015
"Lambda","clr_ASV_9","AR_d1",-0.62923501768404,-0.210970873954675,-0.00631670883601232,0.00639398557825842,0.220101428889397,0.633790227377062
"Lambda","clr_ASV_9","AR_d2",-0.904969312059534,-0.495975694922957,-0.298156190629998,-0.298204487310462,-0.0875351590813596,0.289672331071855
"Lambda","clr_ASV_9","AR_e1",-0.975335059932333,-0.641211270917582,-0.475277524409107,-0.479941448043964,-0.309385076789243,-0.0209266664861442
"Lambda","clr_ASV_9","AR_e2",-0.857099918816546,-0.533414331729848,-0.367957736265083,-0.365600123944383,-0.190398397341498,0.142719461501839
"Lambda","clr_ASV_91","AR_d1",-1.13183949418449,-0.404901374493941,-0.00131857737426559,-0.00550722427285979,0.385370412901773,1.12541006965545
"Lambda","clr_ASV_91","AR_d2",-1.64122005173133,-0.900851997213169,-0.540955422633461,-0.536527548570741,-0.169803956972832,0.585065236777617
"Lambda","clr_ASV_91","AR_e1",-2.57841317095115,-1.85363176189363,-1.49881637299815,-1.51710367771622,-1.16957805075659,-0.565162670043829
"Lambda","clr_ASV_91","AR_e2",-2.12775159756453,-1.43585202706412,-1.12332980558062,-1.12266254003346,-0.791219537896951,-0.160700833039033
"Lambda","clr_ASV_94","AR_d1",-1.62177573894715,-0.968288860596812,-0.621485134274436,-0.615961367738954,-0.278392121870587,0.372949218480998
"Lambda","clr_ASV_94","AR_d2",-0.891633089546287,-0.303419704125653,0.0064918984414877,0.0161980862897764,0.33360215029983,0.904729661589538
"Lambda","clr_ASV_94","AR_e1",-0.822417673712648,-0.283772423818373,-0.0307134882025383,-0.0289367397431198,0.230459238112329,0.713302655776317
"Lambda","clr_ASV_94","AR_e2",-0.613607173774996,-0.119839721484437,0.169441505301094,0.161644770251371,0.433944446057549,0.964582645220924
"Lambda","clr_ASV_99","AR_d1",-1.25166722562761,-0.611471351090007,-0.29120057012577,-0.283095025956788,0.0493850251563197,0.653179323097155
"Lambda","clr_ASV_99","AR_d2",-1.40356836595175,-0.804190814598265,-0.50876052864336,-0.500744827285938,-0.189408029690274,0.400685365890486
"Lambda","clr_ASV_99","AR_e1",-2.39041956302031,-1.78364809349679,-1.48558314212045,-1.49850685215723,-1.20488297197249,-0.674514995424276
"Lambda","clr_ASV_99","AR_e2",-2.19264678148984,-1.61656023636396,-1.302895762497,-1.32264790414089,-1.03214850527912,-0.494250829458046
