"","pre.treatment","rep","conc"
"1","control",1,0.0372295993487909
"2","control",2,0.0382087488018525
"3","control",3,0.0167991423992896
"4","Sigma Dahlia",1,0.04555101429214
"5","Sigma Dahlia",2,0.00806037715558431
"6","Sigma Dahlia",3,0
"7","NOW",1,0.0166082971041919
"8","NOW",2,0.0321541211133048
"9","NOW",3,0.0116706377645207
"10","Sigma Chicory",1,0.0177082865599632
"11","Sigma Chicory",2,0.0428616942615445
"12","Sigma Chicory",3,0.00514753035749942
"13","fructose",1,0.0106592303441709
"14","fructose",2,0.00782296809299004
"15","fructose",3,0.00748395829324272
"16","glucose",1,0
"17","glucose",2,0.020444754688829
"18","glucose",3,0.214456753185732
"19","sucrose",1,0
"20","sucrose",2,0.0726263465513636
"21","sucrose",3,0.0206995467531485
"22","control",1,0.0329059560445304
"23","control",2,0
"24","control",3,0.0363883205564392
"25","Sigma Dahlia",1,0.0431028094380171
"26","Sigma Dahlia",2,0.0688008743316965
"27","Sigma Dahlia",3,0.0702411731517555
"28","NOW",1,0.081660045089614
"29","NOW",2,0.0407391228304342
"30","NOW",3,0.0400933465606846
"31","Sigma Chicory",1,0.062791924527836
"32","Sigma Chicory",2,0.0385319833287
"33","Sigma Chicory",3,0.0647610577835308
"34","fructose",1,0.0212388120945475
"35","fructose",2,0.0359832128773876
"36","fructose",3,0.0339923324430755
"37","glucose",1,0.0235545538808494
"38","glucose",2,0.0272545978141664
"39","glucose",3,0.159846685053114
"40","sucrose",1,0.0345090373025602
"41","sucrose",2,0.0673379912534361
"42","sucrose",3,0.0296244820473093
"43","control",1,0.0524140067903462
"44","control",2,0.0520690617891875
"45","control",3,0.0539686937232633
"46","Sigma Dahlia",1,0.0550978963114818
"47","Sigma Dahlia",2,0.0709239854178351
"48","Sigma Dahlia",3,0.0758881683446039
"49","NOW",1,0.102279327763724
"50","NOW",2,0.0491349494219236
"51","NOW",3,0.0444207817879443
"52","Sigma Chicory",1,0.0794684547921836
"53","Sigma Chicory",2,0.0500090949008291
"54","Sigma Chicory",3,0.0697623266762495
"55","fructose",1,0.0362475734485129
"56","fructose",2,0.04541558192894
"57","fructose",3,0.0355919729873895
"58","glucose",1,0.0321887554820394
"59","glucose",2,0.0378505338288307
"60","glucose",3,0.16627386822535
"61","sucrose",1,0.0315581306060275
"62","sucrose",2,0.111580936642632
"63","sucrose",3,0.0409357077965207
"64","control",1,0.0685856722059303
"65","control",2,0.0761867943589696
"66","control",3,0.0788110998567429
"67","Sigma Dahlia",1,0.0506894028573345
"68","Sigma Dahlia",2,0.0808165626111745
"69","Sigma Dahlia",3,0.079182297198729
"70","NOW",1,0.107498246222667
"71","NOW",2,0.062583143165037
"72","NOW",3,0.0555463153001268
"73","Sigma Chicory",1,0.0825048445988192
"74","Sigma Chicory",2,0.0614189418950501
"75","Sigma Chicory",3,0.0926982873745569
"76","fructose",1,0.0652613567175852
"77","fructose",2,0.0759125328836941
"78","fructose",3,0.0834147066781606
"79","glucose",1,0.0707886260486638
"80","glucose",2,0.072736885607334
"81","glucose",3,0.122592519893427
"82","sucrose",1,0.0830771715172561
"83","sucrose",2,0.110154889531387
"84","sucrose",3,0.0760581985628228
"85","control",1,0.115278030159272
"86","control",2,0.124943469172733
"87","control",3,0.128676742900776
"88","Sigma Dahlia",1,0.06821691910719
"89","Sigma Dahlia",2,0.0839544152607207
"90","Sigma Dahlia",3,0.0886938219204428
"91","NOW",1,0.139510551245316
"92","NOW",2,0.0881818531826554
"93","NOW",3,0.0833177657827962
"94","Sigma Chicory",1,0.100868856909765
"95","Sigma Chicory",2,0.0862556219345931
"96","Sigma Chicory",3,0.106590836831353
"97","fructose",1,0.114658311717048
"98","fructose",2,0.139490005775551
"99","fructose",3,0.138124147131175
"100","glucose",1,0.118776193407928
"101","glucose",2,0.135728485488318
"102","glucose",3,0.126546391816078
"103","sucrose",1,0.122242526114418
"104","sucrose",2,0.121411496404811
"105","sucrose",3,0.141468423931888
"106","control",1,0.155344512701462
"107","control",2,0.158015199798636
"108","control",3,0.157881172230057
"109","Sigma Dahlia",1,0.0873869505496879
"110","Sigma Dahlia",2,0.0677568744585337
"111","Sigma Dahlia",3,0.0735311927855492
"112","NOW",1,0.134398249216264
"113","NOW",2,0.117928426736741
"114","NOW",3,0.108040391760399
"115","Sigma Chicory",1,0.10887147799442
"116","Sigma Chicory",2,0.11373074664039
"117","Sigma Chicory",3,0.0983136612491461
"118","fructose",1,0.157583466235776
"119","fructose",2,0.160694538509335
"120","fructose",3,0.155459301503138
"121","glucose",1,0.15566074066658
"122","glucose",2,0.167070081632672
"123","glucose",3,0.128716589007348
"124","sucrose",1,0.167258754093436
"125","sucrose",2,0.138419034012412
"126","sucrose",3,0.17467473701944
"127","control",1,0.169360616831437
"128","control",2,0.262975856270634
"129","control",3,0.267440453795767
"130","Sigma Dahlia",1,0.110736301874996
"131","Sigma Dahlia",2,0.0980604740983311
"132","Sigma Dahlia",3,0.129483693239209
"133","NOW",1,0.211422942788342
"134","NOW",2,0.160001763748402
"135","NOW",3,0.230203630285624
"136","Sigma Chicory",1,0.202918370138355
"137","Sigma Chicory",2,0.133186362310255
"138","Sigma Chicory",3,0.16814602836632
"139","fructose",1,0.245474182827932
"140","fructose",2,0.260625078990198
"141","fructose",3,0.042233022901515
"142","glucose",1,0.0361486829305943
"143","glucose",2,0.297183753718056
"144","glucose",3,0
"145","sucrose",1,0.075672074862635
"146","sucrose",2,0.0534421222544767
"147","sucrose",3,0.307493812620361
"148","control",1,0.174088139009359
"149","control",2,0.200605473562405
"150","control",3,0.203521563381409
"151","Sigma Dahlia",1,0.152742387939641
"152","Sigma Dahlia",2,0.0673788879092517
"153","Sigma Dahlia",3,0.0747059358783025
"154","NOW",1,0.147631634880715
"155","NOW",2,0.191707694428231
"156","NOW",3,0.186419207871583
"157","Sigma Chicory",1,0.129302374674999
"158","Sigma Chicory",2,0.13240892927465
"159","Sigma Chicory",3,0.133214552001997
"160","fructose",1,0.18888616453992
"161","fructose",2,0.268457241709202
"162","fructose",3,0.184164905500197
"163","glucose",1,0.0420922322310229
"164","glucose",2,0.241498582622841
"165","glucose",3,0.173528220637459
"166","sucrose",1,0.224182991415393
"167","sucrose",2,0.0533482303128017
"168","sucrose",3,0.247744694079394
"169","control",1,0.17531218482539
"170","control",2,0.195180669240276
"171","control",3,0.201505390247553
"172","Sigma Dahlia",1,0.096320756790393
"173","Sigma Dahlia",2,0.0583119609971234
"174","Sigma Dahlia",3,0.0725727372535435
"175","NOW",1,0.129547797673675
"176","NOW",2,0.145680714405895
"177","NOW",3,0.149415235850302
"178","Sigma Chicory",1,0.111061346258444
"179","Sigma Chicory",2,0.136021758356155
"180","Sigma Chicory",3,0.116614471735467
"181","fructose",1,0.180607830434347
"182","fructose",2,0.214534631945349
"183","fructose",3,0.188500960980146
"184","glucose",1,0.0439546342849376
"185","glucose",2,0.19692668849038
"186","glucose",3,0.0966769012203424
"187","sucrose",1,0.186957267585062
"188","sucrose",2,0.0465853382629853
"189","sucrose",3,0.208199807300511
"190","control",1,0.153191558993848
"191","control",2,0.171582044867142
"192","control",3,0.174980211907914
"193","Sigma Dahlia",1,0.0806804358729683
"194","Sigma Dahlia",2,0.0607822190309829
"195","Sigma Dahlia",3,0.0652902691940117
"196","NOW",1,0.126127758886834
"197","NOW",2,0.1309179517318
"198","NOW",3,0.129415629613583
"199","Sigma Chicory",1,0.0975887552190587
"200","Sigma Chicory",2,0.107995951801342
"201","Sigma Chicory",3,0.0974474772647959
"202","fructose",1,0.168033903242918
"203","fructose",2,0.197184999495926
"204","fructose",3,0.192563628215943
"205","glucose",1,0.0454497324004618
"206","glucose",2,0.189914322724704
"207","glucose",3,0.0990623200438507
"208","sucrose",1,0.197490731283254
"209","sucrose",2,0.0500895391157558
"210","sucrose",3,0.200843262293569
"211","control",1,0.150510308807745
"212","control",2,0.177423055926744
"213","control",3,0.185103185759097
"214","Sigma Dahlia",1,0.0828073856158657
"215","Sigma Dahlia",2,0.0514178748027572
"216","Sigma Dahlia",3,0.0568198689903669
"217","NOW",1,0.121347899710778
"218","NOW",2,0.138925607784824
"219","NOW",3,0.13453399281889
"220","Sigma Chicory",1,0.10347685864071
"221","Sigma Chicory",2,0.113603345886739
"222","Sigma Chicory",3,0.085615828788975
"223","fructose",1,0.182218378856466
"224","fructose",2,0.180299308888138
"225","fructose",3,0.174047544609183
"226","glucose",1,0.175235050183815
"227","glucose",2,0.195829951572887
"228","glucose",3,0.0922356406628089
"229","sucrose",1,0.17786863862578
"230","sucrose",2,0.165157162077744
"231","sucrose",3,0.206692286368618
"232","control",1,0.15716670817851
"233","control",2,0.178695643685284
"234","control",3,0.187957723883673
"235","Sigma Dahlia",1,0.109462651964048
"236","Sigma Dahlia",2,0.0976415954068101
"237","Sigma Dahlia",3,0.103153469251219
"238","NOW",1,0.136283370157434
"239","NOW",2,0.157358310777199
"240","NOW",3,0.136940091770472
"241","Sigma Chicory",1,0.118733823009068
"242","Sigma Chicory",2,0.135400958382313
"243","Sigma Chicory",3,0.125868170104759
"244","fructose",1,0.198339316361182
"245","fructose",2,0.234231683268501
"246","fructose",3,0.204873602371939
"247","glucose",1,0.182823198561163
"248","glucose",2,0.193469433605522
"249","glucose",3,0.0848739047654627
"250","sucrose",1,0.203745028674629
"251","sucrose",2,0.176513651432569
"252","sucrose",3,0.203877899773124
"253","control",1,0.139023402430159
"254","control",2,0.156785619226901
"255","control",3,0.162996201464297
"256","Sigma Dahlia",1,0.0749660149136097
"257","Sigma Dahlia",2,0.0617682552342435
"258","Sigma Dahlia",3,0.0653858034105286
"259","NOW",1,0.118332550475893
"260","NOW",2,0.123441715067496
"261","NOW",3,0.119345491100012
"262","Sigma Chicory",1,0.083296551142138
"263","Sigma Chicory",2,0.127216546427379
"264","Sigma Chicory",3,0.0997534331347163
"265","fructose",1,0.170476190027069
"266","fructose",2,0.172230480809316
"267","fructose",3,0.172994635988522
"268","glucose",1,0.194704186801896
"269","glucose",2,0.168837819716587
"270","glucose",3,0.13500368015677
"271","sucrose",1,0.176644606314896
"272","sucrose",2,0.2438640282425
"273","sucrose",3,0.180002322345322
"274","control",1,0.176563005752955
"275","control",2,0.188105504544066
"276","control",3,0.22231384246747
"277","Sigma Dahlia",1,0.107308756600643
"278","Sigma Dahlia",2,0.0519346710022649
"279","Sigma Dahlia",3,0.0584190351193619
"280","NOW",1,0.131233635062365
"281","NOW",2,0.166778337966067
"282","NOW",3,0.151109813323315
"283","Sigma Chicory",1,0.124932457201539
"284","Sigma Chicory",2,0.148147769330837
"285","Sigma Chicory",3,0.0906184553498842
"286","fructose",1,0.226129056768246
"287","fructose",2,0.189832648705718
"288","fructose",3,0.165641989381251
"289","glucose",1,0.171919630372825
"290","glucose",2,0.21341255011087
"291","glucose",3,0.0667351093403873
"292","sucrose",1,0.179837511751575
"293","sucrose",2,0.176769702203487
"294","sucrose",3,0.223608312945102
"295","control",1,0.134722251601034
"296","control",2,0.161673119843009
"297","control",3,0.177921351153118
"298","Sigma Dahlia",1,0.0826640199278707
"299","Sigma Dahlia",2,0.054255189432778
"300","Sigma Dahlia",3,0.0596209851528576
"301","NOW",1,0.120233509682699
"302","NOW",2,0.135934724322719
"303","NOW",3,0.131389290477562
"304","Sigma Chicory",1,0.109430796568991
"305","Sigma Chicory",2,0.113613815599822
"306","Sigma Chicory",3,0.0901338079598519
"307","fructose",1,0.191030867371132
"308","fructose",2,0.182502187054394
"309","fructose",3,0.17478108177537
"310","glucose",1,0.194259288080668
"311","glucose",2,0.198431614662022
"312","glucose",3,0.100690956653516
"313","sucrose",1,0.18234691809916
"314","sucrose",2,0.199247382881686
"315","sucrose",3,0.205864029043782
"316","control",1,0.127585891266373
"317","control",2,0.150159323218237
"318","control",3,0.161828297313026
"319","Sigma Dahlia",1,0.0696810003596337
"320","Sigma Dahlia",2,0.049876742172386
"321","Sigma Dahlia",3,0.0579768174044346
"322","NOW",1,0.107784414903924
"323","NOW",2,0.118804932158483
"324","NOW",3,0.11875761936762
"325","Sigma Chicory",1,0.0924388521011457
"326","Sigma Chicory",2,0.101986193264781
"327","Sigma Chicory",3,0.0915394358456169
"328","fructose",1,0.168490485996225
"329","fructose",2,0.168798859657473
"330","fructose",3,0.167133101342779
"331","glucose",1,0.157803754834654
"332","glucose",2,0.176080920197047
"333","glucose",3,0.116265733258714
"334","sucrose",1,0.172159061898203
"335","sucrose",2,0.186602420560026
"336","sucrose",3,0.188713049317394
"337","control",1,0.171312830890506
"338","control",2,0.167474391329639
"339","control",3,0.180991275979305
"340","Sigma Dahlia",1,0.124212709789239
"341","Sigma Dahlia",2,0.0479455563654313
"342","Sigma Dahlia",3,0.0574963249045742
"343","NOW",1,0.122389246749779
"344","NOW",2,0.170066438498324
"345","NOW",3,0.133154175602444
"346","Sigma Chicory",1,0.117757746272637
"347","Sigma Chicory",2,0.138949868972702
"348","Sigma Chicory",3,0.0875816601967713
"349","fructose",1,0.218018065798916
"350","fructose",2,0.180092042539122
"351","fructose",3,0.163812804509611
"352","glucose",1,0.133426778878839
"353","glucose",2,0.192829949086432
"354","glucose",3,0.090237913255409
"355","sucrose",1,0.164385334929333
"356","sucrose",2,0.181704230946963
"357","sucrose",3,0.210922411521233
"358","control",1,0.106577902960284
"359","control",2,0.150922790879184
"360","control",3,0.130972226929917
"361","Sigma Dahlia",1,0.0593462763346208
"362","Sigma Dahlia",2,0.0440754735684436
"363","Sigma Dahlia",3,0.0485970749442227
"364","NOW",1,0.0951747383191498
"365","NOW",2,0.096608376321557
"366","NOW",3,0.0957063601014217
"367","Sigma Chicory",1,0.0751694197801264
"368","Sigma Chicory",2,0.097115366100231
"369","Sigma Chicory",3,0.0711991022330494
"370","fructose",1,0.150144092830319
"371","fructose",2,0.139873072837248
"372","fructose",3,0.138894491910537
"373","glucose",1,0.121767574955962
"374","glucose",2,0.143963425222328
"375","glucose",3,0.0882987456532982
"376","sucrose",1,0.135338235259028
"377","sucrose",2,0.138045708254173
"378","sucrose",3,0.156922680393212
"379","control",1,0.102823402063874
"380","control",2,0.098604293216944
"381","control",3,0.125622343775762
"382","Sigma Dahlia",1,0.0539688061479881
"383","Sigma Dahlia",2,0.0479491510224762
"384","Sigma Dahlia",3,0.0310119972350508
"385","NOW",1,0.0852444885972749
"386","NOW",2,0.0941095743802339
"387","NOW",3,0.0912878114264011
"388","Sigma Chicory",1,0.06171560072148
"389","Sigma Chicory",2,0.0865701915046069
"390","Sigma Chicory",3,0.0803467284074153
"391","fructose",1,0.135783109934844
"392","fructose",2,0.128503718075057
"393","fructose",3,0.123518085308997
"394","glucose",1,0.1495842690191
"395","glucose",2,0.133195324758541
"396","glucose",3,0.0967178841601667
"397","sucrose",1,0.123905165574667
"398","sucrose",2,0.155752200242779
"399","sucrose",3,0.1450786051687
"400","control",1,0.0984067283825033
"401","control",2,0.102930457180005
"402","control",3,0.124556262865465
"403","Sigma Dahlia",1,0.0605104542588102
"404","Sigma Dahlia",2,0.0347237691860978
"405","Sigma Dahlia",3,0.0482794014325581
"406","NOW",1,0.0910472888188268
"407","NOW",2,0.0898084638746664
"408","NOW",3,0.0881331434586794
"409","Sigma Chicory",1,0.0789769807299983
"410","Sigma Chicory",2,0.0852707206041099
"411","Sigma Chicory",3,0.0641444491364101
"412","fructose",1,0.132445852756894
"413","fructose",2,0.128168928478999
"414","fructose",3,0.131649367884702
"415","glucose",1,0.105607822239249
"416","glucose",2,0.128891314952159
"417","glucose",3,0.0939001919199029
"418","sucrose",1,0.136777676605209
"419","sucrose",2,0.121945923316275
"420","sucrose",3,0.141453823617085
"421","control",1,0.111663130949415
"422","control",2,0.121484437115337
"423","control",3,0.14194047224742
"424","Sigma Dahlia",1,0.0855818991728818
"425","Sigma Dahlia",2,0.0319605505859432
"426","Sigma Dahlia",3,0.037323176004684
"427","NOW",1,0.0860394150695287
"428","NOW",2,0.121828604246636
"429","NOW",3,0.0977296211697625
"430","Sigma Chicory",1,0.126051434619045
"431","Sigma Chicory",2,0.113404279040523
"432","Sigma Chicory",3,0.0554619782874774
"433","fructose",1,0.16206955962479
"434","fructose",2,0.123735134354553
"435","fructose",3,0.115519580260814
"436","glucose",1,0.0994261566547299
"437","glucose",2,0.144031209993895
"438","glucose",3,0.0891036861467803
"439","sucrose",1,0.113029848987038
"440","sucrose",2,0.128589482041716
"441","sucrose",3,0.148224710365964
"442","control",1,0.0819147343583486
"443","control",2,0.0892033722858321
"444","control",3,0.0990308535618506
"445","Sigma Dahlia",1,0.0546490352016888
"446","Sigma Dahlia",2,0.0299431753723342
"447","Sigma Dahlia",3,0.0342119681333052
"448","NOW",1,0.0696197905549479
"449","NOW",2,0.0729948050298957
"450","NOW",3,0.0699720810211859
"451","Sigma Chicory",1,0.0626355483281203
"452","Sigma Chicory",2,0.0724599346786697
"453","Sigma Chicory",3,0.0522643426422771
"454","fructose",1,0.107760319995339
"455","fructose",2,0.108295111116912
"456","fructose",3,0.102869273825462
"457","glucose",1,0.0911371602472573
"458","glucose",2,0.105910162097378
"459","glucose",3,0.0834662347809144
"460","sucrose",1,0.100724470851777
"461","sucrose",2,0.117852573663044
"462","sucrose",3,0.113935101247197
"463","control",1,0.0790757712837989
"464","control",2,0.0865749859867324
"465","control",3,0.0970614214304129
"466","Sigma Dahlia",1,0.0474878517430871
"467","Sigma Dahlia",2,0.0272984183036326
"468","Sigma Dahlia",3,0.0316902037140005
"469","NOW",1,0.0627202619882474
"470","NOW",2,0.0717492385647799
"471","NOW",3,0.0665759248177475
"472","Sigma Chicory",1,0.0609792457906318
"473","Sigma Chicory",2,0.066854348733573
"474","Sigma Chicory",3,0.0471738219703016
"475","fructose",1,0.109929427045832
"476","fructose",2,0.0985499618606156
"477","fructose",3,0.096658583874552
"478","glucose",1,0.0822408035293084
"479","glucose",2,0.101436761286973
"480","glucose",3,0.0773893757005362
"481","sucrose",1,0.0943327792334764
"482","sucrose",2,0.110698192775827
"483","sucrose",3,0.109332664297429
"484","control",1,0.0735842565328572
"485","control",2,0.0771199022822263
"486","control",3,0.0883487453511746
"487","Sigma Dahlia",1,0.0447453571585037
"488","Sigma Dahlia",2,0.0250709212785766
"489","Sigma Dahlia",3,0.0287428338772154
"490","NOW",1,0.0550217516688815
"491","NOW",2,0.0648409098374443
"492","NOW",3,0.0590762441989354
"493","Sigma Chicory",1,0.0527870244729731
"494","Sigma Chicory",2,0.0614127585351633
"495","Sigma Chicory",3,0.0482431927539455
"496","fructose",1,0.102536366771829
"497","fructose",2,0.0894739084094155
"498","fructose",3,0.0875963669839803
"499","glucose",1,0.0750756235208828
"500","glucose",2,0.0919919425496585
"501","glucose",3,0.0681917359687408
"502","sucrose",1,0.0851333232156275
"503","sucrose",2,0.102727037611793
"504","sucrose",3,0.0993001020812663
"505","control",1,0.0637328353412803
"506","control",2,0.0664912860555409
"507","control",3,0.0774312134452339
"508","Sigma Dahlia",1,0.0371693005303565
"509","Sigma Dahlia",2,0.0216282686388391
"510","Sigma Dahlia",3,0.0257861673804599
"511","NOW",1,0.0494011448811682
"512","NOW",2,0.055998426879516
"513","NOW",3,0.0509853009706217
"514","Sigma Chicory",1,0.0450487949511083
"515","Sigma Chicory",2,0.0544634489948127
"516","Sigma Chicory",3,0.0383103348696178
"517","fructose",1,0.0918517153383821
"518","fructose",2,0.0813844162667616
"519","fructose",3,0.0818733959308567
"520","glucose",1,0.0649591065185342
"521","glucose",2,0.0802476059314917
"522","glucose",3,0.0641846593200389
"523","sucrose",1,0.0794896599221409
"524","sucrose",2,0.0993373802579182
"525","sucrose",3,0.0868320341658376
"526","control",1,0.0563038261479215
"527","control",2,0.0590407438498588
"528","control",3,0.0758076136267431
"529","Sigma Dahlia",1,0.0313385045812724
"530","Sigma Dahlia",2,0.01987504828923
"531","Sigma Dahlia",3,0.0223448465413138
"532","NOW",1,0.0452298829331316
"533","NOW",2,0.0520415805912556
"534","NOW",3,0.0492413546732577
"535","Sigma Chicory",1,0.0406567155068448
"536","Sigma Chicory",2,0.0460030300746527
"537","Sigma Chicory",3,0.0347429989102878
"538","fructose",1,0.0846969116445567
"539","fructose",2,0.0737550329945291
"540","fructose",3,0.0719539892978649
"541","glucose",1,0.057583661473224
"542","glucose",2,0.0774439298824891
"543","glucose",3,0.0546600538950647
"544","sucrose",1,0.0692345832501478
"545","sucrose",2,0.0878670228173578
"546","sucrose",3,0.0837428471969075
"547","control",1,0.052650119430935
"548","control",2,0.0496518437162868
"549","control",3,0.0646658260250737
"550","Sigma Dahlia",1,0.0273633046661981
"551","Sigma Dahlia",2,0.0158939158078873
"552","Sigma Dahlia",3,0.0209254757372885
"553","NOW",1,0.0386650558059984
"554","NOW",2,0.0436931046544396
"555","NOW",3,0.0404345921157564
"556","Sigma Chicory",1,0.0337132261080385
"557","Sigma Chicory",2,0.0404462477731666
"558","Sigma Chicory",3,0.0292339483172777
"559","fructose",1,0.0768840746277509
"560","fructose",2,0.06780588113083
"561","fructose",3,0.0655500299561551
"562","glucose",1,0.0464127836058768
"563","glucose",2,0.0654068992203332
"564","glucose",3,0.0477752156106017
"565","sucrose",1,0.0626102173126303
"566","sucrose",2,0.0776857099801189
"567","sucrose",3,0.0719249286906819
"568","control",1,0.0446869701843407
"569","control",2,0.039537319813887
"570","control",3,0.0568323190626985
"571","Sigma Dahlia",1,0.0170175922884585
"572","Sigma Dahlia",2,0.010157660404662
"573","Sigma Dahlia",3,0.0161833316428406
"574","NOW",1,0.0306107879829454
"575","NOW",2,0.0374110507764445
"576","NOW",3,0.0343118275270792
"577","Sigma Chicory",1,0.0260934500986671
"578","Sigma Chicory",2,0.0331794594568364
"579","Sigma Chicory",3,0.0202466984866579
"580","fructose",1,0.0695607970673658
"581","fructose",2,0.0604956680179276
"582","fructose",3,0.0594529796485066
"583","glucose",1,0.0383905876165895
"584","glucose",2,0.0578565031247077
"585","glucose",3,0
"586","sucrose",1,0.0567254819285094
"587","sucrose",2,0.0664728484006041
"588","sucrose",3,0.0632592736685254
"589","control",1,0.0391485522313728
"590","control",2,0.0482433175742181
"591","control",3,0.054083338880934
"592","Sigma Dahlia",1,0.0180336004744858
"593","Sigma Dahlia",2,0.0107648231053246
"594","Sigma Dahlia",3,0.0104598494180114
"595","NOW",1,0.0231957719904318
"596","NOW",2,0.0328360124676829
"597","NOW",3,0.0304145953066854
"598","Sigma Chicory",1,0.0268619509280847
"599","Sigma Chicory",2,0.0332153315922388
"600","Sigma Chicory",3,0.0248969223961503
"601","fructose",1,0.0649281481620631
"602","fructose",2,0.053102321113804
"603","fructose",3,0.0516585091665942
"604","glucose",1,0.0477045264026042
"605","glucose",2,0.0545068329750959
"606","glucose",3,0
"607","sucrose",1,0.0492383041751923
"608","sucrose",2,0.0971548671760432
"609","sucrose",3,0.0598667449943481
"610","control",1,0.03978659137388
"611","control",2,0.042037507334006
"612","control",3,0.0528746540906538
"613","Sigma Dahlia",1,0.0169882061948956
"614","Sigma Dahlia",2,0.0108601852164833
"615","Sigma Dahlia",3,0.0108742123629689
"616","NOW",1,0.027279963352584
"617","NOW",2,0.0321683374223268
"618","NOW",3,0.0309713859650774
"619","Sigma Chicory",1,0.0224248410573398
"620","Sigma Chicory",2,0.0301548192415977
"621","Sigma Chicory",3,0.0231177319350143
"622","fructose",1,0.05976865915235
"623","fructose",2,0.0517184296006737
"624","fructose",3,0.0502581001888351
"625","glucose",1,0.0420687787037298
"626","glucose",2,0.0477900865078604
"627","glucose",3,0
"628","sucrose",1,0.0474592240278372
"629","sucrose",2,0.0910672141209218
"630","sucrose",3,0.0547425375729745
"631","control",1,0.0344108561202848
"632","control",2,0.0378679077729056
"633","control",3,0.0508643645566379
"634","Sigma Dahlia",1,0.0149028572628035
"635","Sigma Dahlia",2,0.0102886611537169
"636","Sigma Dahlia",3,0.0109714683983448
"637","NOW",1,0.025197693128352
"638","NOW",2,0.0302584936108645
"639","NOW",3,0.0282865970461393
"640","Sigma Chicory",1,0.0222166996506683
"641","Sigma Chicory",2,0.0269315331849433
"642","Sigma Chicory",3,0.020929073328496
"643","fructose",1,0.0614237209083631
"644","fructose",2,0.055292931380756
"645","fructose",3,0.0518238062871529
"646","glucose",1,0.0385812253583487
"647","glucose",2,0.0512234812358062
"648","glucose",3,0
"649","sucrose",1,0.0480803903141415
"650","sucrose",2,0.0832832669037437
"651","sucrose",3,0.0583278494527428
"652","control",1,0.0331230395408848
"653","control",2,0
"654","control",3,0.0450482718319789
"655","Sigma Dahlia",1,0.0139942925218673
"656","Sigma Dahlia",2,0.00909118216506348
"657","Sigma Dahlia",3,0.0105765030425168
"658","NOW",1,0.0230140503941894
"659","NOW",2,0.0294285713362571
"660","NOW",3,0.0247608365902933
"661","Sigma Chicory",1,0.0196508214987959
"662","Sigma Chicory",2,0.0251496185862344
"663","Sigma Chicory",3,0.0182632582439541
"664","fructose",1,0.0577602268041634
"665","fructose",2,0.0485570380969885
"666","fructose",3,0.0458602832828469
"667","glucose",1,0.0364756178751287
"668","glucose",2,0.0442265261030167
"669","glucose",3,0
"670","sucrose",1,0.042779264153045
"671","sucrose",2,0.0787806510551795
"672","sucrose",3,0.0495103844009034
"673","control",1,0.0302820494383304
"674","control",2,0
"675","control",3,0.0400098832918336
"676","Sigma Dahlia",1,0.0120418987994377
"677","Sigma Dahlia",2,0.0128311376666308
"678","Sigma Dahlia",3,0.0126270176059007
"679","NOW",1,0.0206454430428644
"680","NOW",2,0.0244753037323885
"681","NOW",3,0.0225192951226401
"682","Sigma Chicory",1,0.0181644801507598
"683","Sigma Chicory",2,0.0226235387870917
"684","Sigma Chicory",3,0.0251816976361324
"685","fructose",1,0.0524855447432489
"686","fructose",2,0.0465391518797152
"687","fructose",3,0.0438087487446285
"688","glucose",1,0.035661378439552
"689","glucose",2,0.0391474067867077
"690","glucose",3,0
"691","sucrose",1,0.0387326686525749
"692","sucrose",2,0.0733278920490115
"693","sucrose",3,0.044390790910698
"694","control",1,0.0277255284828192
"695","control",2,0
"696","control",3,0.0386065204116622
"697","Sigma Dahlia",1,0.0103234263379788
"698","Sigma Dahlia",2,0.00891490019591013
"699","Sigma Dahlia",3,0.00892647129455273
"700","NOW",1,0.0182195423219534
"701","NOW",2,0.0286453017692889
"702","NOW",3,0.0247318816162605
"703","Sigma Chicory",1,0.0212657940286016
"704","Sigma Chicory",2,0.0230165496823117
"705","Sigma Chicory",3,0.0200396596898718
"706","fructose",1,0.0471639612596602
"707","fructose",2,0.0365330111778048
"708","fructose",3,0.035238998899889
"709","glucose",1,0.0309456730777736
"710","glucose",2,0.0351326792847951
"711","glucose",3,0
"712","sucrose",1,0.0299212525509145
"713","sucrose",2,0.0695507073931936
"714","sucrose",3,0.0448620699957738
"715","control",1,0.0266172762591945
"716","control",2,0
"717","control",3,0.0313247213256478
"718","Sigma Dahlia",1,0.0161047418225428
"719","Sigma Dahlia",2,0.0144833249424994
"720","Sigma Dahlia",3,0.0133555365979341
"721","NOW",1,0.0160939972265654
"722","NOW",2,0.0232098164330299
"723","NOW",3,0.0197287495758404
"724","Sigma Chicory",1,0.0164661057709495
"725","Sigma Chicory",2,0.0211243637242678
"726","Sigma Chicory",3,0.0245787916394546
"727","fructose",1,0.0382958783714268
"728","fructose",2,0.0388367840548973
"729","fructose",3,0.0378970221963337
"730","glucose",1,0.0343081331831818
"731","glucose",2,0.0258811576252194
"732","glucose",3,0
"733","sucrose",1,0.0306945020066708
"734","sucrose",2,0.0684992947814913
"735","sucrose",3,0.0366063656832278
"736","control",1,0.0281508769383541
"737","control",2,0
"738","control",3,0.0334874386867114
"739","Sigma Dahlia",1,0.01940835878006
"740","Sigma Dahlia",2,0.0171658617284214
"741","Sigma Dahlia",3,0.0165104721726161
"742","NOW",1,0.0287049517357316
"743","NOW",2,0.0255413928094772
"744","NOW",3,0.0231508966710166
"745","Sigma Chicory",1,0.0203354372547445
"746","Sigma Chicory",2,0.0211448855606493
"747","Sigma Chicory",3,0.0254455902331984
"748","fructose",1,0.039792971025969
"749","fructose",2,0.0401603257527512
"750","fructose",3,0.0366769854427013
"751","glucose",1,0.0244067454940328
"752","glucose",2,0.0269969678342462
"753","glucose",3,0
"754","sucrose",1,0.0301936914086464
"755","sucrose",2,0.0584996542966072
"756","sucrose",3,0.0394917569619272
"757","control",1,0.0231173776436964
"758","control",2,0
"759","control",3,0.0350425498253951
"760","Sigma Dahlia",1,0.0189126042900651
"761","Sigma Dahlia",2,0.0091332700905627
"762","Sigma Dahlia",3,0
"763","NOW",1,0.0170680794230146
"764","NOW",2,0.0305186163391362
"765","NOW",3,0.0230654164979271
"766","Sigma Chicory",1,0.0233667516337272
"767","Sigma Chicory",2,0.0274434322409073
"768","Sigma Chicory",3,0.01723673543472
"769","fructose",1,0.0433389684923007
"770","fructose",2,0.0275414171404938
"771","fructose",3,0.0268815543078915
"772","glucose",1,0.022201522312763
"773","glucose",2,0.0288871145807359
"774","glucose",3,0
"775","sucrose",1,0.0240224039129442
"776","sucrose",2,0.0547346087839993
"777","sucrose",3,0.0371334476931876
"778","control",1,0.0262797894157384
"779","control",2,0
"780","control",3,0.0237578777321442
"781","Sigma Dahlia",1,0.0149726709318212
"782","Sigma Dahlia",2,0.00799993737018928
"783","Sigma Dahlia",3,0
"784","NOW",1,0.0154805059130976
"785","NOW",2,0.0185780248565931
"786","NOW",3,0.0151538830948599
"787","Sigma Chicory",1,0.0135873063684961
"788","Sigma Chicory",2,0.0220590317871346
"789","Sigma Chicory",3,0.0150516320749446
"790","fructose",1,0.0300914302992236
"791","fructose",2,0.0244698583399282
"792","fructose",3,0.0229404041570258
"793","glucose",1,0.019680415145698
"794","glucose",2,0.0210253532342295
"795","glucose",3,0
"796","sucrose",1,0.0212764582192884
"797","sucrose",2,0.0499193713220442
"798","sucrose",3,0.0271212946645348
"799","control",1,0.0252771855611955
"800","control",2,0
"801","control",3,0.0199857267935401
"802","Sigma Dahlia",1,0.0196619178130425
"803","Sigma Dahlia",2,0
"804","Sigma Dahlia",3,0
"805","NOW",1,0.0133058007079528
"806","NOW",2,0.0166571413232741
"807","NOW",3,0.013226588317873
"808","Sigma Chicory",1,0.0126308832868369
"809","Sigma Chicory",2,0.0186297560207761
"810","Sigma Chicory",3,0.0136610137479647
"811","fructose",1,0.0265200760489465
"812","fructose",2,0.0209028495406661
"813","fructose",3,0.0205011683544245
"814","glucose",1,0.0169625041730975
"815","glucose",2,0.0183579882608533
"816","glucose",3,0
"817","sucrose",1,0.0192862194668349
"818","sucrose",2,0.0457313600501739
"819","sucrose",3,0.0228234508595968
"820","control",1,0.0175964397046451
"821","control",2,0
"822","control",3,0.0168731577554389
"823","Sigma Dahlia",1,0.0116042038293046
"824","Sigma Dahlia",2,0.00934286232238194
"825","Sigma Dahlia",3,0.00852844591066492
"826","NOW",1,0.0119063328519532
"827","NOW",2,0.0137934341086389
"828","NOW",3,0.0116124572717926
"829","Sigma Chicory",1,0.0116446849491051
"830","Sigma Chicory",2,0
"831","Sigma Chicory",3,0.0165471334084279
"832","fructose",1,0.0214962648708542
"833","fructose",2,0.0198018850374329
"834","fructose",3,0.0222082982135764
"835","glucose",1,0.0167793210554269
"836","glucose",2,0.016463969386695
"837","glucose",3,0
"838","sucrose",1,0.0216198886727823
"839","sucrose",2,0.0436431761572763
"840","sucrose",3,0.0195868570300991
"841","control",1,0.0145579503564852
"842","control",2,0
"843","control",3,0.0177758373059486
"844","Sigma Dahlia",1,0.00878661972040301
"845","Sigma Dahlia",2,0.0105907938409137
"846","Sigma Dahlia",3,0.0106316503105787
"847","NOW",1,0.0181121190980503
"848","NOW",2,0.0124324859678309
"849","NOW",3,0.0137081861289965
"850","Sigma Chicory",1,0.0118730356866856
"851","Sigma Chicory",2,0
"852","Sigma Chicory",3,0.0165696467190957
"853","fructose",1,0.0180788867611222
"854","fructose",2,0.0231097464302767
"855","fructose",3,0.0217962071228142
"856","glucose",1,0
"857","glucose",2,0.0186193175319565
"858","glucose",3,0
"859","sucrose",1,0.0196084027851629
"860","sucrose",2,0.0386953089087934
"861","sucrose",3,0.0218691315924484
"862","control",1,0.011815475402834
"863","control",2,0
"864","control",3,0.0200809175170224
"865","Sigma Dahlia",1,0.00800840456409291
"866","Sigma Dahlia",2,0
"867","Sigma Dahlia",3,0
"868","NOW",1,0.0119178668572193
"869","NOW",2,0.0163306417515676
"870","NOW",3,0.0148810299282013
"871","Sigma Chicory",1,0.016283510301263
"872","Sigma Chicory",2,0
"873","Sigma Chicory",3,0.0119258557276714
"874","fructose",1,0.0211586678535965
"875","fructose",2,0.0164450069142904
"876","fructose",3,0.0167240852272976
"877","glucose",1,0
"878","glucose",2,0.0198595815229013
"879","glucose",3,0
"880","sucrose",1,0.0155337588766003
"881","sucrose",2,0
"882","sucrose",3,0.0220758205327143
"883","control",1,0.0136416393391913
"884","control",2,0
"885","control",3,0.0140643427298046
"886","Sigma Dahlia",1,0.00823003249021918
"887","Sigma Dahlia",2,0
"888","Sigma Dahlia",3,0
"889","NOW",1,0.00986795053581205
"890","NOW",2,0.0134580306008313
"891","NOW",3,0.0101585678876282
"892","Sigma Chicory",1,0.0103125486790717
"893","Sigma Chicory",2,0
"894","Sigma Chicory",3,0.0112614684959467
"895","fructose",1,0.0193327607698094
"896","fructose",2,0.0141899927754969
"897","fructose",3,0.015536126356424
"898","glucose",1,0
"899","glucose",2,0.0140418100575512
"900","glucose",3,0
"901","sucrose",1,0.0144659315402989
"902","sucrose",2,0
"903","sucrose",3,0.0162866038254009
"904","control",1,0.191457629335829
"905","control",2,0
"906","control",3,0
"907","Sigma Dahlia",1,0.193074936840698
"908","Sigma Dahlia",2,0
"909","Sigma Dahlia",3,0
"910","NOW",1,0
"911","NOW",2,0
"912","NOW",3,0
"913","Sigma Chicory",1,0
"914","Sigma Chicory",2,0.230832884584278
"915","Sigma Chicory",3,0
"916","fructose",1,0
"917","fructose",2,0
"918","fructose",3,0
"919","glucose",1,0
"920","glucose",2,0
"921","glucose",3,0
"922","sucrose",1,0
"923","sucrose",2,0
"924","sucrose",3,0
"925","control",1,0.0148949858380882
"926","control",2,0
"927","control",3,0.0118353897458897
"928","Sigma Dahlia",1,0
"929","Sigma Dahlia",2,0
"930","Sigma Dahlia",3,0
"931","NOW",1,0.00941478952991115
"932","NOW",2,0.00976391730738513
"933","NOW",3,0.00863588587401941
"934","Sigma Chicory",1,0
"935","Sigma Chicory",2,0
"936","Sigma Chicory",3,0.00984267775408621
"937","fructose",1,0.0140071464154513
"938","fructose",2,0.0133726425781553
"939","fructose",3,0.0140576878403325
"940","glucose",1,0
"941","glucose",2,0.011961761360218
"942","glucose",3,0
"943","sucrose",1,0.0124848003284904
"944","sucrose",2,0
"945","sucrose",3,0.0142155376152785
"946","control",1,0.0100972079092126
"947","control",2,0
"948","control",3,0.0110900883039156
"949","Sigma Dahlia",1,0
"950","Sigma Dahlia",2,0
"951","Sigma Dahlia",3,0
"952","NOW",1,0.0067541320780126
"953","NOW",2,0.00885493772183354
"954","NOW",3,0.00823586856962618
"955","Sigma Chicory",1,0
"956","Sigma Chicory",2,0
"957","Sigma Chicory",3,0.00784293853100364
"958","fructose",1,0.0124383406142443
"959","fructose",2,0.0103774161502544
"960","fructose",3,0.0109383982330166
"961","glucose",1,0
"962","glucose",2,0.0106935737182327
"963","glucose",3,0
"964","sucrose",1,0.0106562208207569
"965","sucrose",2,0
"966","sucrose",3,0.0125185769891053
"967","control",1,0.00825690645221431
"968","control",2,0
"969","control",3,0.00779087275203016
"970","Sigma Dahlia",1,0
"971","Sigma Dahlia",2,0
"972","Sigma Dahlia",3,0
"973","NOW",1,0.00575132031640551
"974","NOW",2,0.00679957884954364
"975","NOW",3,0.00564692098695017
"976","Sigma Chicory",1,0
"977","Sigma Chicory",2,0
"978","Sigma Chicory",3,0.00715168101999425
"979","fructose",1,0.010323875687463
"980","fructose",2,0.00927616407833808
"981","fructose",3,0.00954828380171765
"982","glucose",1,0
"983","glucose",2,0.00803999368809554
"984","glucose",3,0
"985","sucrose",1,0.00928332466852907
"986","sucrose",2,0
"987","sucrose",3,0.0102949050499949
"988","control",1,0.00784446819002329
"989","control",2,0
"990","control",3,0
"991","Sigma Dahlia",1,0
"992","Sigma Dahlia",2,0
"993","Sigma Dahlia",3,0
"994","NOW",1,0.00479706789674913
"995","NOW",2,0.00539223574403583
"996","NOW",3,0.00481660385477098
"997","Sigma Chicory",1,0
"998","Sigma Chicory",2,0
"999","Sigma Chicory",3,0.0059125476942515
"1000","fructose",1,0.00837085100637747
"1001","fructose",2,0.0078421348197548
"1002","fructose",3,0.00818329197247867
"1003","glucose",1,0
"1004","glucose",2,0.00694753668891414
"1005","glucose",3,0
"1006","sucrose",1,0.00786813087544908
"1007","sucrose",2,0
"1008","sucrose",3,0.00879325664321659
"1009","control",1,0.0052992150271154
"1010","control",2,0
"1011","control",3,0
"1012","Sigma Dahlia",1,0
"1013","Sigma Dahlia",2,0
"1014","Sigma Dahlia",3,0
"1015","NOW",1,0
"1016","NOW",2,0.00444172793253496
"1017","NOW",3,0.00424090278105965
"1018","Sigma Chicory",1,0
"1019","Sigma Chicory",2,0
"1020","Sigma Chicory",3,0.00490051649800689
"1021","fructose",1,0.00758816139045029
"1022","fructose",2,0.00652149886864503
"1023","fructose",3,0.00731421672513721
"1024","glucose",1,0
"1025","glucose",2,0.00640724044111822
"1026","glucose",3,0
"1027","sucrose",1,0.00669181367930539
"1028","sucrose",2,0
"1029","sucrose",3,0.00763695104816296
"1030","control",1,0
"1031","control",2,0
"1032","control",3,0
"1033","Sigma Dahlia",1,0
"1034","Sigma Dahlia",2,0
"1035","Sigma Dahlia",3,0
"1036","NOW",1,0
"1037","NOW",2,0
"1038","NOW",3,0
"1039","Sigma Chicory",1,0
"1040","Sigma Chicory",2,0
"1041","Sigma Chicory",3,0.00994880120936091
"1042","fructose",1,0
"1043","fructose",2,0.00540909500524827
"1044","fructose",3,0.0649427527963967
"1045","glucose",1,0
"1046","glucose",2,0.00338111440522997
"1047","glucose",3,0
"1048","sucrose",1,0.032531944927873
"1049","sucrose",2,0
"1050","sucrose",3,0.00428915604966342
"1051","control",1,0
"1052","control",2,0
"1053","control",3,0
"1054","Sigma Dahlia",1,0
"1055","Sigma Dahlia",2,0
"1056","Sigma Dahlia",3,0
"1057","NOW",1,0
"1058","NOW",2,0
"1059","NOW",3,0
"1060","Sigma Chicory",1,0
"1061","Sigma Chicory",2,0
"1062","Sigma Chicory",3,0
"1063","fructose",1,0.00630547641011681
"1064","fructose",2,0.00587483184914921
"1065","fructose",3,0.00629528055450698
"1066","glucose",1,0
"1067","glucose",2,0.00501173890001372
"1068","glucose",3,0
"1069","sucrose",1,0.00589535368553055
"1070","sucrose",2,0
"1071","sucrose",3,0.00624202829784657
"1072","control",1,0
"1073","control",2,0
"1074","control",3,0
"1075","Sigma Dahlia",1,0
"1076","Sigma Dahlia",2,0
"1077","Sigma Dahlia",3,0
"1078","NOW",1,0
"1079","NOW",2,0
"1080","NOW",3,0
"1081","Sigma Chicory",1,0
"1082","Sigma Chicory",2,0
"1083","Sigma Chicory",3,0
"1084","fructose",1,0.0909073246616243
"1085","fructose",2,0.00297730985067517
"1086","fructose",3,0
"1087","glucose",1,0
"1088","glucose",2,0.00924100703190808
"1089","glucose",3,0
"1090","sucrose",1,0
"1091","sucrose",2,0
"1092","sucrose",3,0.00822001161734843
"1093","control",1,0
"1094","control",2,0
"1095","control",3,0
"1096","Sigma Dahlia",1,0
"1097","Sigma Dahlia",2,0
"1098","Sigma Dahlia",3,0
"1099","NOW",1,0
"1100","NOW",2,0
"1101","NOW",3,0
"1102","Sigma Chicory",1,0
"1103","Sigma Chicory",2,0
"1104","Sigma Chicory",3,0
"1105","fructose",1,0
"1106","fructose",2,0.00451060104881937
"1107","fructose",3,0.00490662960679969
"1108","glucose",1,0
"1109","glucose",2,0.00478871387485937
"1110","glucose",3,0
"1111","sucrose",1,0.00493547595993955
"1112","sucrose",2,0
"1113","sucrose",3,0.00592247398847741
"1114","control",1,0
"1115","control",2,0
"1116","control",3,0
"1117","Sigma Dahlia",1,0
"1118","Sigma Dahlia",2,0
"1119","Sigma Dahlia",3,0
"1120","NOW",1,0
"1121","NOW",2,0
"1122","NOW",3,0
"1123","Sigma Chicory",1,0
"1124","Sigma Chicory",2,0
"1125","Sigma Chicory",3,0
"1126","fructose",1,0
"1127","fructose",2,0.00479809701538773
"1128","fructose",3,0.00468549983775564
"1129","glucose",1,0
"1130","glucose",2,0.00400619759926744
"1131","glucose",3,0
"1132","sucrose",1,0.00452757260394567
"1133","sucrose",2,0
"1134","sucrose",3,0.0051335537427906
"1135","control",1,0
"1136","control",2,0
"1137","control",3,0
"1138","Sigma Dahlia",1,0
"1139","Sigma Dahlia",2,0
"1140","Sigma Dahlia",3,0
"1141","NOW",1,0
"1142","NOW",2,0
"1143","NOW",3,0
"1144","Sigma Chicory",1,0
"1145","Sigma Chicory",2,0
"1146","Sigma Chicory",3,0
"1147","fructose",1,0
"1148","fructose",2,0.00416800950582271
"1149","fructose",3,0.00464743923552995
"1150","glucose",1,0
"1151","glucose",2,0.00399631541504912
"1152","glucose",3,0
"1153","sucrose",1,0.0044255993084931
"1154","sucrose",2,0
"1155","sucrose",3,0.0049504252265698
"1156","control",1,0
"1157","control",2,0
"1158","control",3,0
"1159","Sigma Dahlia",1,0
"1160","Sigma Dahlia",2,0
"1161","Sigma Dahlia",3,0
"1162","NOW",1,0
"1163","NOW",2,0
"1164","NOW",3,0
"1165","Sigma Chicory",1,0
"1166","Sigma Chicory",2,0
"1167","Sigma Chicory",3,0
"1168","fructose",1,0
"1169","fructose",2,0.00436578816768514
"1170","fructose",3,0.00425966041406075
"1171","glucose",1,0.0638654595809566
"1172","glucose",2,0.00374859357882789
"1173","glucose",3,0
"1174","sucrose",1,0.00395693522125216
"1175","sucrose",2,0
"1176","sucrose",3,0.00473020401209253
"1177","control",1,0
"1178","control",2,0
"1179","control",3,0
"1180","Sigma Dahlia",1,0
"1181","Sigma Dahlia",2,0
"1182","Sigma Dahlia",3,0
"1183","NOW",1,0
"1184","NOW",2,0
"1185","NOW",3,0
"1186","Sigma Chicory",1,0
"1187","Sigma Chicory",2,0
"1188","Sigma Chicory",3,0
"1189","fructose",1,0
"1190","fructose",2,0.00366765177567882
"1191","fructose",3,0.0046600717167115
"1192","glucose",1,0
"1193","glucose",2,0.00373133338994813
"1194","glucose",3,0
"1195","sucrose",1,0.00524693476950305
"1196","sucrose",2,0
"1197","sucrose",3,0.00466924098416798
"1198","control",1,0
"1199","control",2,0
"1200","control",3,0
"1201","Sigma Dahlia",1,0
"1202","Sigma Dahlia",2,0
"1203","Sigma Dahlia",3,0
"1204","NOW",1,0
"1205","NOW",2,0
"1206","NOW",3,0
"1207","Sigma Chicory",1,0
"1208","Sigma Chicory",2,0
"1209","Sigma Chicory",3,0
"1210","fructose",1,0
"1211","fructose",2,0.049739548838851
"1212","fructose",3,0.00586214257352439
"1213","glucose",1,0
"1214","glucose",2,0.00314813344521785
"1215","glucose",3,0
"1216","sucrose",1,0.0212652136110113
"1217","sucrose",2,0
"1218","sucrose",3,0.0042554903215603
"1219","control",1,0
"1220","control",2,0
"1221","control",3,0
"1222","Sigma Dahlia",1,0
"1223","Sigma Dahlia",2,0
"1224","Sigma Dahlia",3,0
"1225","NOW",1,0
"1226","NOW",2,0
"1227","NOW",3,0
"1228","Sigma Chicory",1,0
"1229","Sigma Chicory",2,0
"1230","Sigma Chicory",3,0
"1231","fructose",1,0
"1232","fructose",2,0.0278110850329869
"1233","fructose",3,0
"1234","glucose",1,0
"1235","glucose",2,0.00521790635945706
"1236","glucose",3,0
"1237","sucrose",1,0.00512228402171823
"1238","sucrose",2,0
"1239","sucrose",3,0.00865924118191425
"1240","control",1,0
"1241","control",2,0
"1242","control",3,0
"1243","Sigma Dahlia",1,0
"1244","Sigma Dahlia",2,0
"1245","Sigma Dahlia",3,0
"1246","NOW",1,0
"1247","NOW",2,0
"1248","NOW",3,0
"1249","Sigma Chicory",1,0
"1250","Sigma Chicory",2,0
"1251","Sigma Chicory",3,0
"1252","fructose",1,0
"1253","fructose",2,0.0086977496400604
"1254","fructose",3,0
"1255","glucose",1,0
"1256","glucose",2,0.0848382997131361
"1257","glucose",3,0
"1258","sucrose",1,0
"1259","sucrose",2,0
"1260","sucrose",3,0.047343764107411
"1261","control",1,0
"1262","control",2,0
"1263","control",3,0
"1264","Sigma Dahlia",1,0
"1265","Sigma Dahlia",2,0
"1266","Sigma Dahlia",3,0
"1267","NOW",1,0
"1268","NOW",2,0
"1269","NOW",3,0
"1270","Sigma Chicory",1,0
"1271","Sigma Chicory",2,0
"1272","Sigma Chicory",3,0
"1273","fructose",1,0
"1274","fructose",2,0.00451555771905639
"1275","fructose",3,0
"1276","glucose",1,0
"1277","glucose",2,0
"1278","glucose",3,0
"1279","sucrose",1,0
"1280","sucrose",2,0
"1281","sucrose",3,0.0252350440812941
"1282","control",1,0
"1283","control",2,0
"1284","control",3,0
"1285","Sigma Dahlia",1,0
"1286","Sigma Dahlia",2,0
"1287","Sigma Dahlia",3,0
"1288","NOW",1,0
"1289","NOW",2,0
"1290","NOW",3,0
"1291","Sigma Chicory",1,0
"1292","Sigma Chicory",2,0
"1293","Sigma Chicory",3,0
"1294","fructose",1,0
"1295","fructose",2,0
"1296","fructose",3,0
"1297","glucose",1,0
"1298","glucose",2,0.0047556984805513
"1299","glucose",3,0
"1300","sucrose",1,0
"1301","sucrose",2,0
"1302","sucrose",3,0.00511367840792848
"1303","control",1,0
"1304","control",2,0
"1305","control",3,0
"1306","Sigma Dahlia",1,0
"1307","Sigma Dahlia",2,0
"1308","Sigma Dahlia",3,0
"1309","NOW",1,0
"1310","NOW",2,0
"1311","NOW",3,0
"1312","Sigma Chicory",1,0
"1313","Sigma Chicory",2,0
"1314","Sigma Chicory",3,0
"1315","fructose",1,0
"1316","fructose",2,0
"1317","fructose",3,0
"1318","glucose",1,0
"1319","glucose",2,0.00343378243415756
"1320","glucose",3,0
"1321","sucrose",1,0
"1322","sucrose",2,0
"1323","sucrose",3,0.00406714950341837
"1324","control",1,0
"1325","control",2,0
"1326","control",3,0
"1327","Sigma Dahlia",1,0
"1328","Sigma Dahlia",2,0
"1329","Sigma Dahlia",3,0
"1330","NOW",1,0
"1331","NOW",2,0
"1332","NOW",3,0
"1333","Sigma Chicory",1,0
"1334","Sigma Chicory",2,0
"1335","Sigma Chicory",3,0
"1336","fructose",1,0
"1337","fructose",2,0
"1338","fructose",3,0
"1339","glucose",1,0
"1340","glucose",2,0.00231163496645525
"1341","glucose",3,0
"1342","sucrose",1,0
"1343","sucrose",2,0
"1344","sucrose",3,0.00290870092014083
"1345","control",1,0
"1346","control",2,0
"1347","control",3,0
"1348","Sigma Dahlia",1,0
"1349","Sigma Dahlia",2,0
"1350","Sigma Dahlia",3,0
"1351","NOW",1,0
"1352","NOW",2,0
"1353","NOW",3,0
"1354","Sigma Chicory",1,0
"1355","Sigma Chicory",2,0
"1356","Sigma Chicory",3,0
"1357","fructose",1,0
"1358","fructose",2,0
"1359","fructose",3,0
"1360","glucose",1,0
"1361","glucose",2,0
"1362","glucose",3,0
"1363","sucrose",1,0
"1364","sucrose",2,0
"1365","sucrose",3,0.00213363275715971
"1366","control",1,0
"1367","control",2,0
"1368","control",3,0
"1369","Sigma Dahlia",1,0
"1370","Sigma Dahlia",2,0
"1371","Sigma Dahlia",3,0
"1372","NOW",1,0
"1373","NOW",2,0
"1374","NOW",3,0
"1375","Sigma Chicory",1,0
"1376","Sigma Chicory",2,0
"1377","Sigma Chicory",3,0
"1378","fructose",1,0
"1379","fructose",2,0
"1380","fructose",3,0
"1381","glucose",1,0
"1382","glucose",2,0
"1383","glucose",3,0
"1384","sucrose",1,0
"1385","sucrose",2,0
"1386","sucrose",3,0.00266889379240185
"1387","control",1,0
"1388","control",2,0
"1389","control",3,0
"1390","Sigma Dahlia",1,0
"1391","Sigma Dahlia",2,0
"1392","Sigma Dahlia",3,0
"1393","NOW",1,0
"1394","NOW",2,0
"1395","NOW",3,0
"1396","Sigma Chicory",1,0
"1397","Sigma Chicory",2,0
"1398","Sigma Chicory",3,0
"1399","fructose",1,0
"1400","fructose",2,0
"1401","fructose",3,0
"1402","glucose",1,0
"1403","glucose",2,0
"1404","glucose",3,0
"1405","sucrose",1,0
"1406","sucrose",2,0
"1407","sucrose",3,0
"1408","control",1,0
"1409","control",2,0
"1410","control",3,0
"1411","Sigma Dahlia",1,0
"1412","Sigma Dahlia",2,0
"1413","Sigma Dahlia",3,0
"1414","NOW",1,0
"1415","NOW",2,0
"1416","NOW",3,0
"1417","Sigma Chicory",1,0
"1418","Sigma Chicory",2,0
"1419","Sigma Chicory",3,0
"1420","fructose",1,0
"1421","fructose",2,0
"1422","fructose",3,0
"1423","glucose",1,0
"1424","glucose",2,0
"1425","glucose",3,0
"1426","sucrose",1,0
"1427","sucrose",2,0
"1428","sucrose",3,0
"1429","control",1,0
"1430","control",2,0
"1431","control",3,0
"1432","Sigma Dahlia",1,0
"1433","Sigma Dahlia",2,0
"1434","Sigma Dahlia",3,0
"1435","NOW",1,0
"1436","NOW",2,0
"1437","NOW",3,0
"1438","Sigma Chicory",1,0
"1439","Sigma Chicory",2,0
"1440","Sigma Chicory",3,0
"1441","fructose",1,0
"1442","fructose",2,0
"1443","fructose",3,0
"1444","glucose",1,0
"1445","glucose",2,0
"1446","glucose",3,0
"1447","sucrose",1,0
"1448","sucrose",2,0
"1449","sucrose",3,0
"1450","control",1,0
"1451","control",2,0
"1452","control",3,0
"1453","Sigma Dahlia",1,0
"1454","Sigma Dahlia",2,0
"1455","Sigma Dahlia",3,0
"1456","NOW",1,0
"1457","NOW",2,0
"1458","NOW",3,0
"1459","Sigma Chicory",1,0
"1460","Sigma Chicory",2,0
"1461","Sigma Chicory",3,0
"1462","fructose",1,0
"1463","fructose",2,0
"1464","fructose",3,0
"1465","glucose",1,0
"1466","glucose",2,0
"1467","glucose",3,0
"1468","sucrose",1,0
"1469","sucrose",2,0
"1470","sucrose",3,0
"1471","control",1,0
"1472","control",2,0
"1473","control",3,0
"1474","Sigma Dahlia",1,0
"1475","Sigma Dahlia",2,0
"1476","Sigma Dahlia",3,0
"1477","NOW",1,0
"1478","NOW",2,0
"1479","NOW",3,0
"1480","Sigma Chicory",1,0
"1481","Sigma Chicory",2,0
"1482","Sigma Chicory",3,0
"1483","fructose",1,0
"1484","fructose",2,0
"1485","fructose",3,0
"1486","glucose",1,0
"1487","glucose",2,0
"1488","glucose",3,0
"1489","sucrose",1,0
"1490","sucrose",2,0
"1491","sucrose",3,0
"1492","control",1,0
"1493","control",2,0
"1494","control",3,0
"1495","Sigma Dahlia",1,0
"1496","Sigma Dahlia",2,0
"1497","Sigma Dahlia",3,0
"1498","NOW",1,0
"1499","NOW",2,0
"1500","NOW",3,0
"1501","Sigma Chicory",1,0
"1502","Sigma Chicory",2,0
"1503","Sigma Chicory",3,0
"1504","fructose",1,0
"1505","fructose",2,0
"1506","fructose",3,0
"1507","glucose",1,0
"1508","glucose",2,0
"1509","glucose",3,0
"1510","sucrose",1,0
"1511","sucrose",2,0
"1512","sucrose",3,0
"1513","control",1,0
"1514","control",2,0
"1515","control",3,0
"1516","Sigma Dahlia",1,0
"1517","Sigma Dahlia",2,0
"1518","Sigma Dahlia",3,0
"1519","NOW",1,0
"1520","NOW",2,0
"1521","NOW",3,0
"1522","Sigma Chicory",1,0
"1523","Sigma Chicory",2,0
"1524","Sigma Chicory",3,0
"1525","fructose",1,0
"1526","fructose",2,0
"1527","fructose",3,0
"1528","glucose",1,0
"1529","glucose",2,0
"1530","glucose",3,0
"1531","sucrose",1,0
"1532","sucrose",2,0
"1533","sucrose",3,0
"1534","control",1,0
"1535","control",2,0
"1536","control",3,0
"1537","Sigma Dahlia",1,0
"1538","Sigma Dahlia",2,0
"1539","Sigma Dahlia",3,0
"1540","NOW",1,0
"1541","NOW",2,0
"1542","NOW",3,0
"1543","Sigma Chicory",1,0
"1544","Sigma Chicory",2,0
"1545","Sigma Chicory",3,0
"1546","fructose",1,0
"1547","fructose",2,0
"1548","fructose",3,0
"1549","glucose",1,0
"1550","glucose",2,0
"1551","glucose",3,0
"1552","sucrose",1,0
"1553","sucrose",2,0
"1554","sucrose",3,0
"1555","control",1,0
"1556","control",2,0
"1557","control",3,0
"1558","Sigma Dahlia",1,0
"1559","Sigma Dahlia",2,0
"1560","Sigma Dahlia",3,0
"1561","NOW",1,0
"1562","NOW",2,0
"1563","NOW",3,0
"1564","Sigma Chicory",1,0
"1565","Sigma Chicory",2,0
"1566","Sigma Chicory",3,0
"1567","fructose",1,0
"1568","fructose",2,0
"1569","fructose",3,0
"1570","glucose",1,0
"1571","glucose",2,0
"1572","glucose",3,0
"1573","sucrose",1,0
"1574","sucrose",2,0
"1575","sucrose",3,0
"1576","control",1,0
"1577","control",2,0
"1578","control",3,0
"1579","Sigma Dahlia",1,0
"1580","Sigma Dahlia",2,0
"1581","Sigma Dahlia",3,0
"1582","NOW",1,0
"1583","NOW",2,0
"1584","NOW",3,0
"1585","Sigma Chicory",1,0
"1586","Sigma Chicory",2,0
"1587","Sigma Chicory",3,0
"1588","fructose",1,0
"1589","fructose",2,0
"1590","fructose",3,0
"1591","glucose",1,0
"1592","glucose",2,0
"1593","glucose",3,0
"1594","sucrose",1,0
"1595","sucrose",2,0
"1596","sucrose",3,0
"1597","control",1,0
"1598","control",2,0
"1599","control",3,0
"1600","Sigma Dahlia",1,0
"1601","Sigma Dahlia",2,0
"1602","Sigma Dahlia",3,0
"1603","NOW",1,0
"1604","NOW",2,0
"1605","NOW",3,0
"1606","Sigma Chicory",1,0
"1607","Sigma Chicory",2,0
"1608","Sigma Chicory",3,0
"1609","fructose",1,0
"1610","fructose",2,0
"1611","fructose",3,0
"1612","glucose",1,0
"1613","glucose",2,0
"1614","glucose",3,0
"1615","sucrose",1,0
"1616","sucrose",2,0
"1617","sucrose",3,0
"1618","control",1,0
"1619","control",2,0
"1620","control",3,0
"1621","Sigma Dahlia",1,0
"1622","Sigma Dahlia",2,0
"1623","Sigma Dahlia",3,0
"1624","NOW",1,0
"1625","NOW",2,0
"1626","NOW",3,0
"1627","Sigma Chicory",1,0
"1628","Sigma Chicory",2,0
"1629","Sigma Chicory",3,0
"1630","fructose",1,0
"1631","fructose",2,0
"1632","fructose",3,0
"1633","glucose",1,0
"1634","glucose",2,0
"1635","glucose",3,0
"1636","sucrose",1,0
"1637","sucrose",2,0
"1638","sucrose",3,0
"1639","control",1,0
"1640","control",2,0
"1641","control",3,0
"1642","Sigma Dahlia",1,0
"1643","Sigma Dahlia",2,0
"1644","Sigma Dahlia",3,0
"1645","NOW",1,0
"1646","NOW",2,0
"1647","NOW",3,0
"1648","Sigma Chicory",1,0
"1649","Sigma Chicory",2,0
"1650","Sigma Chicory",3,0
"1651","fructose",1,0
"1652","fructose",2,0
"1653","fructose",3,0
"1654","glucose",1,0
"1655","glucose",2,0
"1656","glucose",3,0
"1657","sucrose",1,0
"1658","sucrose",2,0
"1659","sucrose",3,0
"1660","control",1,0
"1661","control",2,0
"1662","control",3,0
"1663","Sigma Dahlia",1,0
"1664","Sigma Dahlia",2,0
"1665","Sigma Dahlia",3,0
"1666","NOW",1,0
"1667","NOW",2,0
"1668","NOW",3,0
"1669","Sigma Chicory",1,0
"1670","Sigma Chicory",2,0
"1671","Sigma Chicory",3,0
"1672","fructose",1,0
"1673","fructose",2,0
"1674","fructose",3,0
"1675","glucose",1,0
"1676","glucose",2,0
"1677","glucose",3,0
"1678","sucrose",1,0
"1679","sucrose",2,0
"1680","sucrose",3,0
