"doses","amt","rep","DP","conc"
"1","1:04","1","GF3",-0.028796741571463
"1","1:04","2","GF3",0.108989228004403
"1","1:04","3","GF3",-0.028796741571463
"2","1:04","1","GF3",-0.028796741571463
"2","1:04","2","GF3",-0.028796741571463
"2","1:04","3","GF3",0.0763425825349793
"2","norm","1","GF3",4.7014026403329e-05
"2","norm","2","GF3",0.0535795713978844
"2","norm","3","GF3",0.0554208503771848
"1","2x","1","GF3",-0.028796741571463
"1","2x","2","GF3",-0.000138675296613898
"1","2x","3","GF3",0.0843571186732937
"1","1:04","1","DP3",-0.0746971173114918
"1","1:04","2","DP3",0.0720120250052518
"1","1:04","3","DP3",-0.0880749114357409
"2","1:04","1","DP3",-0.0163009892955055
"2","1:04","2","DP3",-0.0743335909103795
"2","1:04","3","DP3",-0.012284842813628
"2","norm","1","DP3",-0.0722194810097138
"2","norm","2","DP3",-0.0242535277643216
"2","norm","3","DP3",0.0023037600998951
"1","2x","1","DP3",0.0182838642860505
"1","2x","2","DP3",-0.0939774288875428
"1","2x","3","DP3",0.0359727951704148
"1","1:04","1","DP4",-0.0604771085515375
"1","1:04","2","DP4",0.0957167792582015
"1","1:04","3","DP4",0.0723178924305007
"2","1:04","1","DP4",-0.0961956339167008
"2","1:04","2","DP4",-0.0451703978110117
"2","1:04","3","DP4",-0.0961956339167008
"2","norm","1","DP4",-0.0961956339167008
"2","norm","2","DP4",-0.0961956339167008
"2","norm","3","DP4",-0.0961956339167008
"1","2x","1","DP4",0.127058554688009
"1","2x","2","DP4",0.067102919036711
"1","2x","3","DP4",0.0271219960938948
"1","1:04","1","DP5",0.0461010430669093
"1","1:04","2","DP5",0.35739465103821
"1","1:04","3","DP5",0.0402547768933902
"2","1:04","1","DP5",-0.0743135773370584
"2","1:04","2","DP5",-0.0648792373991631
"2","1:04","3","DP5",-0.0827334807781428
"2","norm","1","DP5",-0.0808662380166129
"2","norm","2","DP5",-0.0840397020465802
"2","norm","3","DP5",-0.0842094987028706
"1","2x","1","DP5",-0.0230470645986275
"1","2x","2","DP5",-0.0465578784697809
"1","2x","3","DP5",0.210496028369448
"1","1:04","1","DP6",0.0134947351302575
"1","1:04","2","DP6",-0.0351650297822731
"1","1:04","3","DP6",-0.0280685484044545
"2","1:04","1","DP6",-0.0277222634933842
"2","1:04","2","DP6",-0.0226498300277757
"2","1:04","3","DP6",-0.023143754969024
"2","norm","1","DP6",-0.0266246926388192
"2","norm","2","DP6",-0.0241801561161215
"2","norm","3","DP6",-0.0261504176296448
"1","2x","1","DP6",-0.00936919113749751
"1","2x","2","DP6",-0.0273146920374127
"1","2x","3","DP6",-0.027977670124008
"1","1:04","1","DP7",0.027388115096808
"1","1:04","2","DP7",-0.0596795738706916
"1","1:04","3","DP7",-0.0284589243355527
"2","1:04","1","DP7",-0.0316035007258805
"2","1:04","2","DP7",-0.0515152519174493
"2","1:04","3","DP7",-0.0462832807899651
"2","norm","1","DP7",-0.0448962076274306
"2","norm","2","DP7",-0.0353134501235921
"2","norm","3","DP7",-0.0431231180636441
"1","2x","1","DP7",0.015572767450421
"1","2x","2","DP7",0.0274819466873399
"1","2x","3","DP7",-0.0486939051247076
"1","1:04","1","DP8",-0.0503176527385865
"1","1:04","2","DP8",-0.110797493668958
"1","1:04","3","DP8",-0.141660020503467
"2","1:04","1","DP8",-0.0941383990058877
"2","1:04","2","DP8",-0.12719903632948
"2","1:04","3","DP8",-0.113139972840432
"2","norm","1","DP8",-0.123516070673135
"2","norm","2","DP8",-0.114822292197928
"2","norm","3","DP8",-0.112511211261841
"1","2x","1","DP8",-0.124359444708446
"1","2x","2","DP8",-0.136207499773703
"1","2x","3","DP8",-0.0496824421376939
"1","1:04","1","DP9",-0.018913447696267
"1","1:04","2","DP9",-0.013706762904829
"1","1:04","3","DP9",-0.00669162504756229
"2","1:04","1","DP9",-0.0152941953642461
"2","1:04","2","DP9",-0.0211475052999337
"2","1:04","3","DP9",-0.0157963844672015
"2","norm","1","DP9",-0.0263605446394529
"2","norm","2","DP9",-0.0132102815535331
"2","norm","3","DP9",-0.012220855295862
"1","2x","1","DP9",-0.0188197561290768
"1","2x","2","DP9",-0.0241731433032499
"1","2x","3","DP9",-0.0219003200862185
"1","1:04","1","DP10",0.0501647129864435
"1","1:04","2","DP10",0.0498760294715401
"1","1:04","3","DP10",0.0369981007440398
"2","1:04","1","DP10",0.12564390655344
"2","1:04","2","DP10",0.102434115149052
"2","1:04","3","DP10",0.14982199257731
"2","norm","1","DP10",0.162180233638723
"2","norm","2","DP10",0.123781172749203
"2","norm","3","DP10",0.123379864034243
"1","2x","1","DP10",0.0644909367608414
"1","2x","2","DP10",0.0522214129579223
"1","2x","3","DP10",0.0416933562064506
"1","1:04","1","DP 11",0.10924419776388
"1","1:04","2","DP 11",0.0701538615527733
"1","1:04","3","DP 11",0.0940434817632191
"2","1:04","1","DP 11",0.129298465812687
"2","1:04","2","DP 11",-0.00661197243500029
"2","1:04","3","DP 11",0.0893886618248145
"2","norm","1","DP 11",0.100600986045198
"2","norm","2","DP 11",0.0921310546397458
"2","norm","3","DP 11",-0.0149930397231262
"1","2x","1","DP 11",0.10155101978413
"1","2x","2","DP 11",0.00426288617629786
"1","2x","3","DP 11",0.0621352992501766
"1","1:04","1","DP 12",0.0763858618745592
"1","1:04","2","DP 12",0.094349015087347
"1","1:04","3","DP 12",0.0659213507045446
"2","1:04","1","DP 12",0.0466171364096697
"2","1:04","2","DP 12",0.0717330656175269
"2","1:04","3","DP 12",0.100412741280834
"2","norm","1","DP 12",0.112155488059719
"2","norm","2","DP 12",0.109785771947023
"2","norm","3","DP 12",0.115518204200679
"1","2x","1","DP 12",0.0713562703399913
"1","2x","2","DP 12",0.0903220217375901
"1","2x","3","DP 12",0.0887063113293974
"1","1:04","1","DP 13",0.0519438450650162
"1","1:04","2","DP 13",0.0577736689715536
"1","1:04","3","DP 13",0.0467779918462849
"2","1:04","1","DP 13",-0.0161951439005732
"2","1:04","2","DP 13",0.0322542915653327
"2","1:04","3","DP 13",0.0232711073751662
"2","norm","1","DP 13",0.0369590057615336
"2","norm","2","DP 13",0.0418983082819434
"2","norm","3","DP 13",0.0475503935005683
"1","2x","1","DP 13",0.0337089176180629
"1","2x","2","DP 13",0.0565870765581118
"1","2x","3","DP 13",0.0487592779401368
"1","1:04","1","DP 14",0.0295167234044257
"1","1:04","2","DP 14",0.0589534794041858
"1","1:04","3","DP 14",0.029837760808175
"2","1:04","1","DP 14",0.0374396670588586
"2","1:04","2","DP 14",0.012095263572883
"2","1:04","3","DP 14",-0.0018737138148216
"2","norm","1","DP 14",0.012051396427227
"2","norm","2","DP 14",0.0199996877353526
"2","norm","3","DP 14",0.0245794389851457
"1","2x","1","DP 14",0.00584839824751497
"1","2x","2","DP 14",0.057467958587284
"1","2x","3","DP 14",0.0400505421532761
"1","1:04","1","DP 15",0.0742422335504164
"1","1:04","2","DP 15",0.109347299845955
"1","1:04","3","DP 15",0.0687318534858641
"2","1:04","1","DP 15",-0.0256715064199259
"2","1:04","2","DP 15",0.0467301883609518
"2","1:04","3","DP 15",0.0102133489946742
"2","norm","1","DP 15",0.0460129686832324
"2","norm","2","DP 15",0.0355582638754772
"2","norm","3","DP 15",0.0622899943900966
"1","2x","1","DP 15",0.046910685109132
"1","2x","2","DP 15",0.0929170276211084
"1","2x","3","DP 15",0.0849964800885476
"1","1:04","1","DP 16",0.10554812448934
"1","1:04","2","DP 16",0.142776407825612
"1","1:04","3","DP 16",0.114124438248137
"2","1:04","1","DP 16",0.0073007690027504
"2","1:04","2","DP 16",0.071310019113914
"2","1:04","3","DP 16",0.0534231214318384
"2","norm","1","DP 16",0.0686554407497196
"2","norm","2","DP 16",0.0788896883179129
"2","norm","3","DP 16",0.085761280185813
"1","2x","1","DP 16",0.0729191679838385
"1","2x","2","DP 16",0.121610403830108
"1","2x","3","DP 16",0.114929501276005
"1","1:04","1","DP 17",0.020534188521381
"1","1:04","2","DP 17",0.139104985309169
"1","1:04","3","DP 17",0.111633780310959
"2","1:04","1","DP 17",0.00520384076752946
"2","1:04","2","DP 17",0.0593228888960367
"2","1:04","3","DP 17",0.0524614446667448
"2","norm","1","DP 17",0.067561194171237
"2","norm","2","DP 17",0.0798560290786706
"2","norm","3","DP 17",0.086462594664049
"1","2x","1","DP 17",0.0675413720809744
"1","2x","2","DP 17",0.109267817721278
"1","2x","3","DP 17",0.10556209435247
"1","1:04","1","DP 18",0.0244922717029991
"1","1:04","2","DP 18",0.143577735102104
"1","1:04","3","DP 18",0.123029961518146
"2","1:04","1","DP 18",0.0165014353076368
"2","1:04","2","DP 18",0.0706481855079649
"2","1:04","3","DP 18",0.0523358104162549
"2","norm","1","DP 18",0.0659424300745774
"2","norm","2","DP 18",0.0771202284351575
"2","norm","3","DP 18",0.0838786422774497
"1","2x","1","DP 18",0.0718457865867689
"1","2x","2","DP 18",0.114776998377678
"1","2x","3","DP 18",0.111493239601791
"1","1:04","1","DP 19",0.062900829426345
"1","1:04","2","DP 19",0.147166305482313
"1","1:04","3","DP 19",0.0712256781638798
"2","1:04","1","DP 19",0.00333394457553931
"2","1:04","2","DP 19",0.0771928968201926
"2","1:04","3","DP 19",0.0520985773539628
"2","norm","1","DP 19",0.0672807238762036
"2","norm","2","DP 19",0.0771305382994468
"2","norm","3","DP 19",0.0867961190771171
"1","2x","1","DP 19",0.0236034738562711
"1","2x","2","DP 19",0.119997187976107
"1","2x","3","DP 19",0.11370709148643
"1","1:04","1","DP 20",0.0794515379181682
"1","1:04","2","DP 20",0.151312579451482
"1","1:04","3","DP 20",0.0907492984327771
"2","1:04","1","DP 20",-0.0101687159421734
"2","1:04","2","DP 20",0.0663366664161898
"2","1:04","3","DP 20",0.0430702657429784
"2","norm","1","DP 20",0.0596531314554326
"2","norm","2","DP 20",0.073364938890274
"2","norm","3","DP 20",0.0821737407255759
"1","2x","1","DP 20",0.0391178953363259
"1","2x","2","DP 20",0.115322824154013
"1","2x","3","DP 20",0.113648578770717
"1","1:04","1","DP 21",0.107638161989446
"1","1:04","2","DP 21",0.146968180634851
"1","1:04","3","DP 21",0.114260571475474
"2","1:04","1","DP 21",0.0148591672219002
"2","1:04","2","DP 21",0.0709895954287601
"2","1:04","3","DP 21",0.0389736111967416
"2","norm","1","DP 21",0.0518864334694027
"2","norm","2","DP 21",0.0679291812461519
"2","norm","3","DP 21",0.0658928824978445
"1","2x","1","DP 21",0.0581439343243654
"1","2x","2","DP 21",0.112572474370744
"1","2x","3","DP 21",0.117439033369662
"1","1:04","1","DP 22",0.0973407063422174
"1","1:04","2","DP 22",0.138873418825964
"1","1:04","3","DP 22",0.109141499603281
"2","1:04","1","DP 22",0.00369495495420655
"2","1:04","2","DP 22",0.0522966890774316
"2","1:04","3","DP 22",0.0384283348657997
"2","norm","1","DP 22",0.0533899374987105
"2","norm","2","DP 22",0.0643181577659066
"2","norm","3","DP 22",0.0717454686233855
"1","2x","1","DP 22",0.0573738279051526
"1","2x","2","DP 22",0.103623373813478
"1","2x","3","DP 22",0.111949885657458
"1","1:04","1","DP 23",0.0513234943021479
"1","1:04","2","DP 23",0.0686921470753908
"1","1:04","3","DP 23",0.0580037595611533
"2","1:04","1","DP 23",0.019258847732427
"2","1:04","2","DP 23",0.000668475796749634
"2","1:04","3","DP 23",-0.00982742513218807
"2","norm","1","DP 23",0.00116109133920178
"2","norm","2","DP 23",0.0098167877537411
"2","norm","3","DP 23",0.0164468035036861
"1","2x","1","DP 23",0.0143520777520218
"1","2x","2","DP 23",0.0398344723009884
"1","2x","3","DP 23",0.0411675983034042
"1","1:04","1","DP 24",0.155374264685928
"1","1:04","2","DP 24",0.137616565051537
"1","1:04","3","DP 24",0.157356783508432
"2","1:04","1","DP 24",0
"2","1:04","2","DP 24",0.0747410427066588
"2","1:04","3","DP 24",0.0510201256379379
"2","norm","1","DP 24",0.0641580664237218
"2","norm","2","DP 24",0.0745471512974123
"2","norm","3","DP 24",0.0791267562210774
"1","2x","1","DP 24",0.0981963506358757
"1","2x","2","DP 24",0.109457646807859
"1","2x","3","DP 24",0.102452632138974
"1","1:04","1","DP 25",0.109710329239752
"1","1:04","2","DP 25",0.107846962276551
"1","1:04","3","DP 25",0.0916280771319841
"2","1:04","1","DP 25",0.0209627051913199
"2","1:04","2","DP 25",0.0521753578023522
"2","1:04","3","DP 25",0.038646796523557
"2","norm","1","DP 25",0.0493561847196625
"2","norm","2","DP 25",0.0560008712476319
"2","norm","3","DP 25",0.0620259850801699
"1","2x","1","DP 25",0.0695766388117564
"1","2x","2","DP 25",0.0820996892247694
"1","2x","3","DP 25",0.0817467603292116
"1","1:04","1","DP 26",0.0740358203356551
"1","1:04","2","DP 26",0.100820895041117
"1","1:04","3","DP 26",0.0823014139698957
"2","1:04","1","DP 26",0.0118155837168865
"2","1:04","2","DP 26",0.0533302665397927
"2","1:04","3","DP 26",0.0381167760183604
"2","norm","1","DP 26",0.0446297507365989
"2","norm","2","DP 26",0.0511520867359257
"2","norm","3","DP 26",0.0575724573639113
"1","2x","1","DP 26",0.0428186490850911
"1","2x","2","DP 26",0.0738866606137393
"1","2x","3","DP 26",0.073829019612811
"1","1:04","1","DP 27",0.0507254615744421
"1","1:04","2","DP 27",0.0762222717922697
"1","1:04","3","DP 27",0.0833175313644016
"2","1:04","1","DP 27",0.013461813698186
"2","1:04","2","DP 27",0.0227536320376827
"2","1:04","3","DP 27",0.00654659793462111
"2","norm","1","DP 27",0.014238193837444
"2","norm","2","DP 27",0.020362712723317
"2","norm","3","DP 27",0.0269220157660961
"1","2x","1","DP 27",0.0199881474082224
"1","2x","2","DP 27",0.0507498388035852
"1","2x","3","DP 27",0.0497849333925664
"1","1:04","1","DP 28",0.0751505870740325
"1","1:04","2","DP 28",0.122830491361864
"1","1:04","3","DP 28",0.0866260691182962
"2","1:04","1","DP 28",-0.00512481146106305
"2","1:04","2","DP 28",0.0884023133153941
"2","1:04","3","DP 28",0.0441337384086693
"2","norm","1","DP 28",0.0534436590411659
"2","norm","2","DP 28",0.0641793843792662
"2","norm","3","DP 28",0.0647245054800004
"1","2x","1","DP 28",0.0465957047576613
"1","2x","2","DP 28",0.110823593317998
"1","2x","3","DP 28",0.0899443563954063
"1","1:04","1","DP 29",0.0710084629159908
"1","1:04","2","DP 29",0.105854902898329
"1","1:04","3","DP 29",0.081340980448945
"2","1:04","1","DP 29",-0.00504501548172976
"2","1:04","2","DP 29",0.0544485801040154
"2","1:04","3","DP 29",0.0387090772001295
"2","norm","1","DP 29",0.0475374618429191
"2","norm","2","DP 29",0.0531677933341927
"2","norm","3","DP 29",0.0594510397018717
"1","2x","1","DP 29",0.0457007487321934
"1","2x","2","DP 29",0.0833102877090456
"1","2x","3","DP 29",0.0816307276450347
"1","1:04","1","DP 30",0.0683345802504275
"1","1:04","2","DP 30",0.0931498851259529
"1","1:04","3","DP 30",0.0766833972080022
"2","1:04","1","DP 30",0.00567289023252907
"2","1:04","2","DP 30",0.0429418308066376
"2","1:04","3","DP 30",0.0286824098339338
"2","norm","1","DP 30",0.038750596785022
"2","norm","2","DP 30",0.042973998948334
"2","norm","3","DP 30",0.0483067020143145
"1","2x","1","DP 30",0.0431547016152691
"1","2x","2","DP 30",0.0737075421451555
"1","2x","3","DP 30",0.0685702145733266
"1","1:04","1","DP 31",0.0537667757473755
"1","1:04","2","DP 31",0.0825935755158406
"1","1:04","3","DP 31",0.0639356788527507
"2","1:04","1","DP 31",-0.0158172614897841
"2","1:04","2","DP 31",0.0334138619766862
"2","1:04","3","DP 31",0.0229153216508188
"2","norm","1","DP 31",0.0328304977583323
"2","norm","2","DP 31",0.0357940764109212
"2","norm","3","DP 31",0.0394967898927699
"1","2x","1","DP 31",0.0305295505050291
"1","2x","2","DP 31",0.0614890202388049
"1","2x","3","DP 31",0.0612676621340207
"1","1:04","1","DP 32",0.0619981293985114
"1","1:04","2","DP 32",0.0889164491101282
"1","1:04","3","DP 32",0.0702861836016627
"2","1:04","1","DP 32",0
"2","1:04","2","DP 32",0.0435143639849246
"2","1:04","3","DP 32",0.0297061290378366
"2","norm","1","DP 32",0.0399967477636457
"2","norm","2","DP 32",0.0433545546462341
"2","norm","3","DP 32",0.0569888857012929
"1","2x","1","DP 32",0.0413565518727323
"1","2x","2","DP 32",0.0717204963490826
"1","2x","3","DP 32",0.0771148350110386
"1","1:04","1","DP 33",0.0585040118523686
"1","1:04","2","DP 33",0.087271001175466
"1","1:04","3","DP 33",0.0654211962373205
"2","1:04","1","DP 33",0
"2","1:04","2","DP 33",0.0467712381049388
"2","1:04","3","DP 33",0.033675504649741
"2","norm","1","DP 33",0.046462269404964
"2","norm","2","DP 33",0.0482288994985266
"2","norm","3","DP 33",0.0472889897671539
"1","2x","1","DP 33",0.0387441876180722
"1","2x","2","DP 33",0.0687853089456651
"1","2x","3","DP 33",0.0674669746195478
"1","1:04","1","DP 34",0.0572629008754221
"1","1:04","2","DP 34",0.0876557269916272
"1","1:04","3","DP 34",0.0506631012191118
"2","1:04","1","DP 34",-0.00225737357508792
"2","1:04","2","DP 34",0.0376794233983944
"2","1:04","3","DP 34",0.0258458028049519
"2","norm","1","DP 34",0.0382314673149325
"2","norm","2","DP 34",0.0400892072304137
"2","norm","3","DP 34",0.0528773645638474
"1","2x","1","DP 34",0.0384782743276169
"1","2x","2","DP 34",0.0682284118812558
"1","2x","3","DP 34",0.0656903496864911
"1","1:04","1","DP 35",0.0552155591196558
"1","1:04","2","DP 35",0.0886306878531917
"1","1:04","3","DP 35",0.0713428672661014
"2","1:04","1","DP 35",0
"2","1:04","2","DP 35",0.0431673956437849
"2","1:04","3","DP 35",0.0327607775740365
"2","norm","1","DP 35",0.0461775539179279
"2","norm","2","DP 35",0.0456762989710062
"2","norm","3","DP 35",0.0509168809061702
"1","2x","1","DP 35",0.0437965435890654
"1","2x","2","DP 35",0.0720283992949134
"1","2x","3","DP 35",0.0682815234144781
"1","1:04","1","DP 36",0.057004327262213
"1","1:04","2","DP 36",0.0787873246863885
"1","1:04","3","DP 36",0.0638118297472738
"2","1:04","1","DP 36",0
"2","1:04","2","DP 36",0.0353527557385178
"2","1:04","3","DP 36",0.0259560738182893
"2","norm","1","DP 36",0.038729331615918
"2","norm","2","DP 36",0.0380714884755362
"2","norm","3","DP 36",0.0425376224726767
"1","2x","1","DP 36",0.0375923983478715
"1","2x","2","DP 36",0.062779716279021
"1","2x","3","DP 36",0.0600579625094721
"1","1:04","1","DP 37",0.0522587695275285
"1","1:04","2","DP 37",0.0674389598769614
"1","1:04","3","DP 37",0.0581044323297679
"2","1:04","1","DP 37",0
"2","1:04","2","DP 37",0.031358434383928
"2","1:04","3","DP 37",0.021925468559378
"2","norm","1","DP 37",0.0315750391620225
"2","norm","2","DP 37",0.0331894575409326
"2","norm","3","DP 37",0.0363368880662981
"1","2x","1","DP 37",0.0338967701229209
"1","2x","2","DP 37",0.0538507709853483
"1","2x","3","DP 37",0.0508992051274534
"1","1:04","1","DP 38",0.0454451007026446
"1","1:04","2","DP 38",0.0621496124044239
"1","1:04","3","DP 38",0.051628499642661
"2","1:04","1","DP 38",0
"2","1:04","2","DP 38",0.0295408581534133
"2","1:04","3","DP 38",0.0214300672178274
"2","norm","1","DP 38",0.0305296002490424
"2","norm","2","DP 38",0.0317216394797518
"2","norm","3","DP 38",0.0347932956184058
"1","2x","1","DP 38",0.0293520701033132
"1","2x","2","DP 38",0.0486556766623122
"1","2x","3","DP 38",0.0474915703175965
"1","1:04","1","DP 39",0.0429907374436458
"1","1:04","2","DP 39",0.0566355015737137
"1","1:04","3","DP 39",0.0476870712093565
"2","1:04","1","DP 39",0
"2","1:04","2","DP 39",0.0290933345186143
"2","1:04","3","DP 39",0.020849317192932
"2","norm","1","DP 39",0.0304086699643717
"2","norm","2","DP 39",0.0312821176819142
"2","norm","3","DP 39",0.0329792846413697
"1","2x","1","DP 39",0.0283735459723625
"1","2x","2","DP 39",0.0425494299517104
"1","2x","3","DP 39",0.0402761258815708
"1","1:04","1","DP 40",0.0370825658129631
"1","1:04","2","DP 40",0.0540149501376351
"1","1:04","3","DP 40",0.0423440842019703
"2","1:04","1","DP 40",0
"2","1:04","2","DP 40",0.032871560807068
"2","1:04","3","DP 40",0.0262885211548777
"2","norm","1","DP 40",0.0359845754057945
"2","norm","2","DP 40",0.0351044637263645
"2","norm","3","DP 40",0.0373423697797378
"1","2x","1","DP 40",0.0245912633172297
"1","2x","2","DP 40",0.039915316711828
"1","2x","3","DP 40",0.037391696420036
"1","1:04","1","DP 41",0.0299596053925786
"1","1:04","2","DP 41",0.0445948263233675
"1","1:04","3","DP 41",0.0375623027237323
"2","1:04","1","DP 41",0.0117623874859223
"2","1:04","2","DP 41",0.0290828118975076
"2","1:04","3","DP 41",0.0145006546452786
"2","norm","1","DP 41",0.0217720080062814
"2","norm","2","DP 41",0.0267546933075953
"2","norm","3","DP 41",0.0201049981111074
"1","2x","1","DP 41",0.0184944754576795
"1","2x","2","DP 41",0.0328937802883313
"1","2x","3","DP 41",0.0271339451603231
"1","1:04","1","DP 42",0.0334490384544239
"1","1:04","2","DP 42",0.0494315206420673
"1","1:04","3","DP 42",0.0374555321453145
"2","1:04","1","DP 42",0
"2","1:04","2","DP 42",0.034543425604366
"2","1:04","3","DP 42",0.0308344693134389
"2","norm","1","DP 42",0.0411621324065779
"2","norm","2","DP 42",0.0404172095462531
"2","norm","3","DP 42",0.0396080462052594
"1","2x","1","DP 42",0.0230893924548438
"1","2x","2","DP 42",0.0363969317945931
"1","2x","3","DP 42",0.0361165367812352
"1","1:04","1","DP 43",0.037911766173074
"1","1:04","2","DP 43",0.0446068496249131
"1","1:04","3","DP 43",0.0362843510519621
"2","1:04","1","DP 43",0.0154331628668492
"2","1:04","2","DP 43",0.0354941054813922
"2","1:04","3","DP 43",0.0244982354838472
"2","norm","1","DP 43",0.0345451221044216
"2","norm","2","DP 43",0.0355860536398284
"2","norm","3","DP 43",0.0324279898311207
"1","2x","1","DP 43",0.0292960630084828
"1","2x","2","DP 43",0.0350360120534818
"1","2x","3","DP 43",0.0312848105350103
"1","1:04","1","DP 44",0.0160450575056572
"1","1:04","2","DP 44",0.0243285883756982
"1","1:04","3","DP 44",0.023700176852739
"2","1:04","1","DP 44",-0.0154004715043858
"2","1:04","2","DP 44",0.0158841123851226
"2","1:04","3","DP 44",0.00672296269715855
"2","norm","1","DP 44",0.0158052524909697
"2","norm","2","DP 44",0.0162277921701856
"2","norm","3","DP 44",0.0138731623580659
"1","2x","1","DP 44",0.00822765052282534
"1","2x","2","DP 44",0.014860186567968
"1","2x","3","DP 44",0.013090584079721
"1","1:04","1","DP 45",0.027748505465815
"1","1:04","2","DP 45",0.0430667049253244
"1","1:04","3","DP 45",0.0308293095103046
"2","1:04","1","DP 45",0
"2","1:04","2","DP 45",0.0386622180797997
"2","1:04","3","DP 45",0.0290071835975492
"2","norm","1","DP 45",0.0389866346010549
"2","norm","2","DP 45",0.0382312663005076
"2","norm","3","DP 45",0.0356033816362618
"1","2x","1","DP 45",0.0212393321093273
"1","2x","2","DP 45",0.0346272807933763
"1","2x","3","DP 45",0.0328624412431192
"1","1:04","1","DP 46",0.0253241951620092
"1","1:04","2","DP 46",0.0341460262204053
"1","1:04","3","DP 46",0.02738016224413
"2","1:04","1","DP 46",0
"2","1:04","2","DP 46",0.0259563988226707
"2","1:04","3","DP 46",0.0173350862272763
"2","norm","1","DP 46",0.0261181576680531
"2","norm","2","DP 46",0.0258783242146861
"2","norm","3","DP 46",0.0239559257385464
"1","2x","1","DP 46",0.0193676528336695
"1","2x","2","DP 46",0.0275121389467112
"1","2x","3","DP 46",0.0249685362907228
"1","1:04","1","DP 47",0.0235232986201785
"1","1:04","2","DP 47",0.0281445993438271
"1","1:04","3","DP 47",0.0235707095748104
"2","1:04","1","DP 47",0
"2","1:04","2","DP 47",0.0200557227982743
"2","1:04","3","DP 47",0.0122290226530237
"2","norm","1","DP 47",0.0207427452937426
"2","norm","2","DP 47",0.0197069367819105
"2","norm","3","DP 47",0.0189040967031175
"1","2x","1","DP 47",0.0184098216939196
"1","2x","2","DP 47",0.0217075850707065
"1","2x","3","DP 47",0.0205218364614193
"1","1:04","1","DP 48",0.0210622082762018
"1","1:04","2","DP 48",0.0229269742595345
"1","1:04","3","DP 48",0.0221383658618813
"2","1:04","1","DP 48",-0.00127158782059066
"2","1:04","2","DP 48",0.0152335100129434
"2","1:04","3","DP 48",0.00829753478284894
"2","norm","1","DP 48",0.0163404563876649
"2","norm","2","DP 48",0.0149695850656063
"2","norm","3","DP 48",0.0144880461129563
"1","2x","1","DP 48",0.0169137287463486
"1","2x","2","DP 48",0.0175882045524345
"1","2x","3","DP 48",0.0169501162883474
"1","1:04","1","DP 49",0.0178767058328523
"1","1:04","2","DP 49",0.0209435677227658
"1","1:04","3","DP 49",0.0197634750215386
"2","1:04","1","DP 49",0
"2","1:04","2","DP 49",0.0158940218906727
"2","1:04","3","DP 49",0.00926348356717347
"2","norm","1","DP 49",0.0192814702332523
"2","norm","2","DP 49",0.0168724938942671
"2","norm","3","DP 49",0.0154140848009063
"1","2x","1","DP 49",0.0144663042569418
"1","2x","2","DP 49",0.0158764649095777
"1","2x","3","DP 49",0.0162101834730606
"1","1:04","1","DP 50",0.0161842894865703
"1","1:04","2","DP 50",0.0212877833414567
"1","1:04","3","DP 50",0.017766629476196
"2","1:04","1","DP 50",0
"2","1:04","2","DP 50",0.0129054653378506
"2","1:04","3","DP 50",0.00750415398396
"2","norm","1","DP 50",0.0159965510160813
"2","norm","2","DP 50",0.0135744710791654
"2","norm","3","DP 50",0.0141042614556235
"1","2x","1","DP 50",0.013380127342162
"1","2x","2","DP 50",0.0170162132280733
"1","2x","3","DP 50",0.0170947678314047
"1","1:04","1","DP 51",0.0134306648431397
"1","1:04","2","DP 51",0.0160634430032764
"1","1:04","3","DP 51",0
"2","1:04","1","DP 51",0
"2","1:04","2","DP 51",0.0102036356986885
"2","1:04","3","DP 51",0
"2","norm","1","DP 51",0.0108800182696858
"2","norm","2","DP 51",0.00879968215831291
"2","norm","3","DP 51",0.00834491216497792
"1","2x","1","DP 51",0.0111712837885047
"1","2x","2","DP 51",0.0136313401462018
"1","2x","3","DP 51",0.0117532311615066
"1","1:04","1","DP 85",0
"1","1:04","2","DP 85",0
"1","1:04","3","DP 85",0
"2","1:04","1","DP 85",0
"2","1:04","2","DP 85",0
"2","1:04","3","DP 85",0
"2","norm","1","DP 85",0.0102634250619266
"2","norm","2","DP 85",0.0077735025069301
"2","norm","3","DP 85",0
"1","2x","1","DP 85",0
"1","2x","2","DP 85",0
"1","2x","3","DP 85",0.00869066574188503
"1","1:04","1","DP 52",0.0124461622305686
"1","1:04","2","DP 52",0.0116729208788711
"1","1:04","3","DP 52",0
"2","1:04","1","DP 52",0
"2","1:04","2","DP 52",0
"2","1:04","3","DP 52",0
"2","norm","1","DP 52",0.00725614266966752
"2","norm","2","DP 52",0
"2","norm","3","DP 52",0
"1","2x","1","DP 52",0.0106777356684067
"1","2x","2","DP 52",0
"1","2x","3","DP 52",0.00892593784060612
"1","1:04","1","DP 53",0.010166937113969
"1","1:04","2","DP 53",0
"1","1:04","3","DP 53",0
"2","1:04","1","DP 53",0
"2","1:04","2","DP 53",0
"2","1:04","3","DP 53",0
"2","norm","1","DP 53",0
"2","norm","2","DP 53",0
"2","norm","3","DP 53",0
"1","2x","1","DP 53",0.00887277837098577
"1","2x","2","DP 53",0
"1","2x","3","DP 53",0
"1","1:04","1","DP 54",0
"1","1:04","2","DP 54",0
"1","1:04","3","DP 54",0
"2","1:04","1","DP 54",0
"2","1:04","2","DP 54",0
"2","1:04","3","DP 54",0
"2","norm","1","DP 54",0
"2","norm","2","DP 54",0
"2","norm","3","DP 54",0
"1","2x","1","DP 54",0
"1","2x","2","DP 54",0
"1","2x","3","DP 54",0
"1","1:04","1","DP 55",0
"1","1:04","2","DP 55",0
"1","1:04","3","DP 55",0
"2","1:04","1","DP 55",0
"2","1:04","2","DP 55",0
"2","1:04","3","DP 55",0
"2","norm","1","DP 55",0
"2","norm","2","DP 55",0
"2","norm","3","DP 55",0
"1","2x","1","DP 55",0
"1","2x","2","DP 55",0
"1","2x","3","DP 55",0
"1","1:04","1","DP 57",-0.0110192110168928
"1","1:04","2","DP 57",-0.0110192110168928
"1","1:04","3","DP 57",-0.0110192110168928
"2","1:04","1","DP 57",-0.0110192110168928
"2","1:04","2","DP 57",-0.0110192110168928
"2","1:04","3","DP 57",-0.0110192110168928
"2","norm","1","DP 57",-0.0110192110168928
"2","norm","2","DP 57",-0.0110192110168928
"2","norm","3","DP 57",-0.0110192110168928
"1","2x","1","DP 57",-0.0110192110168928
"1","2x","2","DP 57",-0.0110192110168928
"1","2x","3","DP 57",-0.0110192110168928
"1","1:04","1","DP 56",0
"1","1:04","2","DP 56",0
"1","1:04","3","DP 56",0
"2","1:04","1","DP 56",0
"2","1:04","2","DP 56",0
"2","1:04","3","DP 56",0
"2","norm","1","DP 56",0
"2","norm","2","DP 56",0
"2","norm","3","DP 56",0
"1","2x","1","DP 56",0
"1","2x","2","DP 56",0
"1","2x","3","DP 56",0
"1","1:04","1","DP 58",0
"1","1:04","2","DP 58",0
"1","1:04","3","DP 58",0
"2","1:04","1","DP 58",0
"2","1:04","2","DP 58",0
"2","1:04","3","DP 58",0
"2","norm","1","DP 58",0
"2","norm","2","DP 58",0
"2","norm","3","DP 58",0
"1","2x","1","DP 58",0
"1","2x","2","DP 58",0
"1","2x","3","DP 58",0
"1","1:04","1","DP 61",0
"1","1:04","2","DP 61",0
"1","1:04","3","DP 61",0
"2","1:04","1","DP 61",0
"2","1:04","2","DP 61",0
"2","1:04","3","DP 61",0
"2","norm","1","DP 61",0
"2","norm","2","DP 61",0
"2","norm","3","DP 61",0
"1","2x","1","DP 61",0
"1","2x","2","DP 61",0
"1","2x","3","DP 61",0
"1","1:04","1","nystose",-0.0467614505172522
"1","1:04","2","nystose",-0.0731383031094737
"1","1:04","3","nystose",-0.0731383031094737
"2","1:04","1","nystose",2.49450788752097e-05
"2","1:04","2","nystose",-0.0731383031094737
"2","1:04","3","nystose",-0.0731383031094737
"2","norm","1","nystose",-0.0731383031094737
"2","norm","2","nystose",-0.0731383031094737
"2","norm","3","nystose",-0.0731383031094737
"1","2x","1","nystose",0.026792660395814
"1","2x","2","nystose",-0.0731383031094737
"1","2x","3","nystose",-0.0731383031094737
"1","1:04","1","DP 82",0.0130883594858823
"1","1:04","2","DP 82",-0.0177879505376276
"1","1:04","3","DP 82",-0.0177879505376276
"2","1:04","1","DP 82",-0.0177879505376276
"2","1:04","2","DP 82",-0.0177879505376276
"2","1:04","3","DP 82",-0.0177879505376276
"2","norm","1","DP 82",-0.0177879505376276
"2","norm","2","DP 82",-0.0177879505376276
"2","norm","3","DP 82",-0.0177879505376276
"1","2x","1","DP 82",0.0114188587705257
"1","2x","2","DP 82",-0.0177879505376276
"1","2x","3","DP 82",-0.0177879505376276
"1","1:04","1","kestose",-0.121331774211527
"1","1:04","2","kestose",0.364037221318788
"1","1:04","3","kestose",-0.121331774211527
"2","1:04","1","kestose",-0.121331774211527
"2","1:04","2","kestose",-0.121331774211527
"2","1:04","3","kestose",-0.121331774211527
"2","norm","1","kestose",-0.121331774211527
"2","norm","2","kestose",-0.121331774211527
"2","norm","3","kestose",-0.121331774211527
"1","2x","1","kestose",-0.121331774211527
"1","2x","2","kestose",0.166453264253642
"1","2x","3","kestose",0.157258114635354
"1","1:04","1","DP 80",0
"1","1:04","2","DP 80",0
"1","1:04","3","DP 80",0
"2","1:04","1","DP 80",0.140590505520169
"2","1:04","2","DP 80",0
"2","1:04","3","DP 80",0
"2","norm","1","DP 80",0
"2","norm","2","DP 80",0
"2","norm","3","DP 80",0
"1","2x","1","DP 80",0
"1","2x","2","DP 80",0
"1","2x","3","DP 80",0
"1","1:04","1","DP 84",0
"1","1:04","2","DP 84",0
"1","1:04","3","DP 84",0
"2","1:04","1","DP 84",0
"2","1:04","2","DP 84",0
"2","1:04","3","DP 84",0.00825660405316053
"2","norm","1","DP 84",0
"2","norm","2","DP 84",0
"2","norm","3","DP 84",0
"1","2x","1","DP 84",0
"1","2x","2","DP 84",0
"1","2x","3","DP 84",0
"1","1:04","1","DP 69",-0.0217221716654482
"1","1:04","2","DP 69",-0.0217221716654482
"1","1:04","3","DP 69",-0.0217221716654482
"2","1:04","1","DP 69",-0.0217221716654482
"2","1:04","2","DP 69",-0.0217221716654482
"2","1:04","3","DP 69",-0.0217221716654482
"2","norm","1","DP 69",-0.0217221716654482
"2","norm","2","DP 69",-0.0217221716654482
"2","norm","3","DP 69",-0.0217221716654482
"1","2x","1","DP 69",-0.0217221716654482
"1","2x","2","DP 69",-0.0217221716654482
"1","2x","3","DP 69",-0.0217221716654482
"1","1:04","1","DP 83",-0.0169486680625742
"1","1:04","2","DP 83",-0.0169486680625742
"1","1:04","3","DP 83",-0.0169486680625742
"2","1:04","1","DP 83",-0.0169486680625742
"2","1:04","2","DP 83",-0.0169486680625742
"2","1:04","3","DP 83",-0.0169486680625742
"2","norm","1","DP 83",-0.0169486680625742
"2","norm","2","DP 83",-0.0169486680625742
"2","norm","3","DP 83",-0.0169486680625742
"1","2x","1","DP 83",-0.0169486680625742
"1","2x","2","DP 83",-0.0169486680625742
"1","2x","3","DP 83",-0.0169486680625742
"1","1:04","1","DP 59",0
"1","1:04","2","DP 59",0
"1","1:04","3","DP 59",0
"2","1:04","1","DP 59",0
"2","1:04","2","DP 59",0
"2","1:04","3","DP 59",0
"2","norm","1","DP 59",0
"2","norm","2","DP 59",0
"2","norm","3","DP 59",0
"1","2x","1","DP 59",0
"1","2x","2","DP 59",0
"1","2x","3","DP 59",0
"1","1:04","1","DP 60",0
"1","1:04","2","DP 60",0
"1","1:04","3","DP 60",0
"2","1:04","1","DP 60",0
"2","1:04","2","DP 60",0
"2","1:04","3","DP 60",0
"2","norm","1","DP 60",0
"2","norm","2","DP 60",0
"2","norm","3","DP 60",0
"1","2x","1","DP 60",0
"1","2x","2","DP 60",0
"1","2x","3","DP 60",0
"1","1:04","1","DP 62",0
"1","1:04","2","DP 62",0
"1","1:04","3","DP 62",0
"2","1:04","1","DP 62",0
"2","1:04","2","DP 62",0
"2","1:04","3","DP 62",0
"2","norm","1","DP 62",0
"2","norm","2","DP 62",0
"2","norm","3","DP 62",0
"1","2x","1","DP 62",0
"1","2x","2","DP 62",0
"1","2x","3","DP 62",0
"1","1:04","1","DP 63",0
"1","1:04","2","DP 63",0
"1","1:04","3","DP 63",0
"2","1:04","1","DP 63",0
"2","1:04","2","DP 63",0
"2","1:04","3","DP 63",0
"2","norm","1","DP 63",0
"2","norm","2","DP 63",0
"2","norm","3","DP 63",0
"1","2x","1","DP 63",0
"1","2x","2","DP 63",0
"1","2x","3","DP 63",0
"1","1:04","1","DP 64",0
"1","1:04","2","DP 64",0
"1","1:04","3","DP 64",0
"2","1:04","1","DP 64",0
"2","1:04","2","DP 64",0
"2","1:04","3","DP 64",0
"2","norm","1","DP 64",0
"2","norm","2","DP 64",0
"2","norm","3","DP 64",0
"1","2x","1","DP 64",0
"1","2x","2","DP 64",0
"1","2x","3","DP 64",0
"1","1:04","1","DP 65",0
"1","1:04","2","DP 65",0
"1","1:04","3","DP 65",0
"2","1:04","1","DP 65",0
"2","1:04","2","DP 65",0
"2","1:04","3","DP 65",0
"2","norm","1","DP 65",0
"2","norm","2","DP 65",0
"2","norm","3","DP 65",0
"1","2x","1","DP 65",0
"1","2x","2","DP 65",0
"1","2x","3","DP 65",0
"1","1:04","1","DP 66",0
"1","1:04","2","DP 66",0
"1","1:04","3","DP 66",0
"2","1:04","1","DP 66",0
"2","1:04","2","DP 66",0
"2","1:04","3","DP 66",0
"2","norm","1","DP 66",0
"2","norm","2","DP 66",0
"2","norm","3","DP 66",0
"1","2x","1","DP 66",0
"1","2x","2","DP 66",0
"1","2x","3","DP 66",0
"1","1:04","1","DP 67",0
"1","1:04","2","DP 67",0
"1","1:04","3","DP 67",0
"2","1:04","1","DP 67",0
"2","1:04","2","DP 67",0
"2","1:04","3","DP 67",0
"2","norm","1","DP 67",0
"2","norm","2","DP 67",0
"2","norm","3","DP 67",0
"1","2x","1","DP 67",0
"1","2x","2","DP 67",0
"1","2x","3","DP 67",0
"1","1:04","1","DP 68",0
"1","1:04","2","DP 68",0
"1","1:04","3","DP 68",0
"2","1:04","1","DP 68",0
"2","1:04","2","DP 68",0
"2","1:04","3","DP 68",0
"2","norm","1","DP 68",0
"2","norm","2","DP 68",0
"2","norm","3","DP 68",0
"1","2x","1","DP 68",0
"1","2x","2","DP 68",0
"1","2x","3","DP 68",0
"1","1:04","1","DP 70",0
"1","1:04","2","DP 70",0
"1","1:04","3","DP 70",0
"2","1:04","1","DP 70",0
"2","1:04","2","DP 70",0
"2","1:04","3","DP 70",0
"2","norm","1","DP 70",0
"2","norm","2","DP 70",0
"2","norm","3","DP 70",0
"1","2x","1","DP 70",0
"1","2x","2","DP 70",0
"1","2x","3","DP 70",0
"1","1:04","1","DP 71",0
"1","1:04","2","DP 71",0
"1","1:04","3","DP 71",0
"2","1:04","1","DP 71",0
"2","1:04","2","DP 71",0
"2","1:04","3","DP 71",0
"2","norm","1","DP 71",0
"2","norm","2","DP 71",0
"2","norm","3","DP 71",0
"1","2x","1","DP 71",0
"1","2x","2","DP 71",0
"1","2x","3","DP 71",0
"1","1:04","1","DP 72",0
"1","1:04","2","DP 72",0
"1","1:04","3","DP 72",0
"2","1:04","1","DP 72",0
"2","1:04","2","DP 72",0
"2","1:04","3","DP 72",0
"2","norm","1","DP 72",0
"2","norm","2","DP 72",0
"2","norm","3","DP 72",0
"1","2x","1","DP 72",0
"1","2x","2","DP 72",0
"1","2x","3","DP 72",0
"1","1:04","1","DP 73",0
"1","1:04","2","DP 73",0
"1","1:04","3","DP 73",0
"2","1:04","1","DP 73",0
"2","1:04","2","DP 73",0
"2","1:04","3","DP 73",0
"2","norm","1","DP 73",0
"2","norm","2","DP 73",0
"2","norm","3","DP 73",0
"1","2x","1","DP 73",0
"1","2x","2","DP 73",0
"1","2x","3","DP 73",0
"1","1:04","1","DP 74",0
"1","1:04","2","DP 74",0
"1","1:04","3","DP 74",0
"2","1:04","1","DP 74",0
"2","1:04","2","DP 74",0
"2","1:04","3","DP 74",0
"2","norm","1","DP 74",0
"2","norm","2","DP 74",0
"2","norm","3","DP 74",0
"1","2x","1","DP 74",0
"1","2x","2","DP 74",0
"1","2x","3","DP 74",0
"1","1:04","1","DP 75",0
"1","1:04","2","DP 75",0
"1","1:04","3","DP 75",0
"2","1:04","1","DP 75",0
"2","1:04","2","DP 75",0
"2","1:04","3","DP 75",0
"2","norm","1","DP 75",0
"2","norm","2","DP 75",0
"2","norm","3","DP 75",0
"1","2x","1","DP 75",0
"1","2x","2","DP 75",0
"1","2x","3","DP 75",0
"1","1:04","1","DP 76",0
"1","1:04","2","DP 76",0
"1","1:04","3","DP 76",0
"2","1:04","1","DP 76",0
"2","1:04","2","DP 76",0
"2","1:04","3","DP 76",0
"2","norm","1","DP 76",0
"2","norm","2","DP 76",0
"2","norm","3","DP 76",0
"1","2x","1","DP 76",0
"1","2x","2","DP 76",0
"1","2x","3","DP 76",0
"1","1:04","1","DP 77",0
"1","1:04","2","DP 77",0
"1","1:04","3","DP 77",0
"2","1:04","1","DP 77",0
"2","1:04","2","DP 77",0
"2","1:04","3","DP 77",0
"2","norm","1","DP 77",0
"2","norm","2","DP 77",0
"2","norm","3","DP 77",0
"1","2x","1","DP 77",0
"1","2x","2","DP 77",0
"1","2x","3","DP 77",0
"1","1:04","1","DP 78",0
"1","1:04","2","DP 78",0
"1","1:04","3","DP 78",0
"2","1:04","1","DP 78",0
"2","1:04","2","DP 78",0
"2","1:04","3","DP 78",0
"2","norm","1","DP 78",0
"2","norm","2","DP 78",0
"2","norm","3","DP 78",0
"1","2x","1","DP 78",0
"1","2x","2","DP 78",0
"1","2x","3","DP 78",0
"1","1:04","1","DP 79",0
"1","1:04","2","DP 79",0
"1","1:04","3","DP 79",0
"2","1:04","1","DP 79",0
"2","1:04","2","DP 79",0
"2","1:04","3","DP 79",0
"2","norm","1","DP 79",0
"2","norm","2","DP 79",0
"2","norm","3","DP 79",0
"1","2x","1","DP 79",0
"1","2x","2","DP 79",0
"1","2x","3","DP 79",0
"1","1:04","1","DP 81",0
"1","1:04","2","DP 81",0
"1","1:04","3","DP 81",0
"2","1:04","1","DP 81",0
"2","1:04","2","DP 81",0
"2","1:04","3","DP 81",0
"2","norm","1","DP 81",0
"2","norm","2","DP 81",0
"2","norm","3","DP 81",0
"1","2x","1","DP 81",0
"1","2x","2","DP 81",0
"1","2x","3","DP 81",0
"1","1:04","1","DP 86",0
"1","1:04","2","DP 86",0
"1","1:04","3","DP 86",0
"2","1:04","1","DP 86",0
"2","1:04","2","DP 86",0
"2","1:04","3","DP 86",0
"2","norm","1","DP 86",0
"2","norm","2","DP 86",0
"2","norm","3","DP 86",0
"1","2x","1","DP 86",0
"1","2x","2","DP 86",0
"1","2x","3","DP 86",0
"1","1:04","1","DP 87",0
"1","1:04","2","DP 87",0
"1","1:04","3","DP 87",0
"2","1:04","1","DP 87",0
"2","1:04","2","DP 87",0
"2","1:04","3","DP 87",0
"2","norm","1","DP 87",0
"2","norm","2","DP 87",0
"2","norm","3","DP 87",0
"1","2x","1","DP 87",0
"1","2x","2","DP 87",0
"1","2x","3","DP 87",0
