"cond","pre.treat","rep","DP","conc"
"908","in",2,"DP 12",0.0180734717927732
"Bc10","con",2,"DP 12",-0.0267899332371821
"Bc10","con",3,"DP 12",0.000564527294572452
"908","con",2,"DP 12",-0.00974337673374173
"908","in",3,"DP 12",0.0252135285606226
"Bc10","con",1,"DP 12",0.0488790156658954
"Bc50","in",3,"DP 12",0.081641877400479
"Bc10","in",3,"DP 12",0.00693386907264075
"908","con",1,"DP 12",0.00868980248159604
"908","in",1,"DP 12",0.155490530473892
"Bc50","con",2,"DP 12",0.0103955353414777
"Bc10","in",1,"DP 12",0.0145499112777185
"Bc50","in",2,"DP 12",0.0820158689966395
"Bc10","in",2,"DP 12",0.00708309536234782
"Bc50","in",1,"DP 12",0.0297613257308781
"908","con",3,"DP 12",-8.58470715075403e-05
"Bc50","con",1,"DP 12",0.0038739397363899
"Bc50","con",3,"DP 12",0.00335450115594403
"908","in",2,"DP 13",0.0065780617273575
"Bc10","con",2,"DP 13",-0.0340993774831863
"Bc10","con",3,"DP 13",-0.00446441838684423
"908","con",2,"DP 13",-0.0340993774831863
"908","in",3,"DP 13",-0.00765233839718536
"Bc10","con",1,"DP 13",0.0468920240109211
"Bc50","in",3,"DP 13",0.0506659166405146
"Bc10","in",3,"DP 13",0.0176459876200025
"908","con",1,"DP 13",-0.00288676082275216
"908","in",1,"DP 13",0.056620957968909
"Bc50","con",2,"DP 13",0.00880770103339096
"Bc10","in",1,"DP 13",0.0110637075508957
"Bc50","in",2,"DP 13",0.0296412767140101
"Bc10","in",2,"DP 13",0.0192274818835112
"Bc50","in",1,"DP 13",-0.018178673284539
"908","con",3,"DP 13",-0.0165008095110188
"Bc50","con",1,"DP 13",0.0176142436947493
"Bc50","con",3,"DP 13",0.0294686457215758
"908","in",2,"DP 14",0.0172619933481871
"Bc10","con",2,"DP 14",0.0478202783284814
"Bc10","con",3,"DP 14",0.0211363148867351
"908","con",2,"DP 14",-0.010709512487261
"908","in",3,"DP 14",0.0164250648619412
"Bc10","con",1,"DP 14",0.049295783580112
"Bc50","in",3,"DP 14",0.064182940848088
"Bc10","in",3,"DP 14",0.0760224072504832
"908","con",1,"DP 14",0.0622418483949482
"908","in",1,"DP 14",0.105590738827665
"Bc50","con",2,"DP 14",-0.00671541351686554
"Bc10","in",1,"DP 14",0.0308117387275967
"Bc50","in",2,"DP 14",0.03263915453339
"Bc10","in",2,"DP 14",0.0321777582828008
"Bc50","in",1,"DP 14",0.0255587054971421
"908","con",3,"DP 14",0.0178460404929838
"Bc50","con",1,"DP 14",0.0261967846413541
"Bc50","con",3,"DP 14",0.0438679147594949
"908","in",2,"DP 15",0.0578054781687725
"Bc10","con",2,"DP 15",0.0459565015849671
"Bc10","con",3,"DP 15",0.0770339274658293
"908","con",2,"DP 15",0.0042154870009159
"908","in",3,"DP 15",-0.00225108206935716
"Bc10","con",1,"DP 15",0.0891151478244207
"Bc50","in",3,"DP 15",0.055921693309737
"Bc10","in",3,"DP 15",0.0801758307277683
"908","con",1,"DP 15",0.053274561727672
"908","in",1,"DP 15",0.0460409341339642
"Bc50","con",2,"DP 15",-0.00910706799320216
"Bc10","in",1,"DP 15",0.0569954104996868
"Bc50","in",2,"DP 15",0.0336363635696442
"Bc10","in",2,"DP 15",0.0614716924802241
"Bc50","in",1,"DP 15",0.0151207690755661
"908","con",3,"DP 15",0.0350136143405343
"Bc50","con",1,"DP 15",-0.0124445502366263
"Bc50","con",3,"DP 15",-0.00595059475042503
"908","in",2,"DP 16",0.0368368828570337
"Bc10","con",2,"DP 16",0.0472074750874111
"Bc10","con",3,"DP 16",0.0437452312145965
"908","con",2,"DP 16",0.0377156309811858
"908","in",3,"DP 16",0.0132983730827634
"Bc10","con",1,"DP 16",0.0816539498126338
"Bc50","in",3,"DP 16",0.0659007786360055
"Bc10","in",3,"DP 16",0.0995190837861806
"908","con",1,"DP 16",0.0947766957794732
"908","in",1,"DP 16",0.0498108940573016
"Bc50","con",2,"DP 16",0.0274952357079011
"Bc10","in",1,"DP 16",0.0757397555000942
"Bc50","in",2,"DP 16",0.0604939206855009
"Bc10","in",2,"DP 16",0.0772424805802514
"Bc50","in",1,"DP 16",0.0344138002945403
"908","con",3,"DP 16",0.0562859725694963
"Bc50","con",1,"DP 16",0.00976595907328772
"Bc50","con",3,"DP 16",0.0106376851242219
"908","in",2,"DP 17",0.0343171962854885
"Bc10","con",2,"DP 17",0.0422810953594404
"Bc10","con",3,"DP 17",0.0440789489536602
"908","con",2,"DP 17",0.0338945272068598
"908","in",3,"DP 17",0.00901611955328361
"Bc10","con",1,"DP 17",-0.00280471629881662
"Bc50","in",3,"DP 17",0.0336845390701561
"Bc10","in",3,"DP 17",0.0179960458900638
"908","con",1,"DP 17",0.0171813637278014
"908","in",1,"DP 17",0.0265340481430912
"Bc50","con",2,"DP 17",-0.00280471629881662
"Bc10","in",1,"DP 17",0.0143442545424425
"Bc50","in",2,"DP 17",0.0126754850685856
"Bc10","in",2,"DP 17",0.015523515025397
"Bc50","in",1,"DP 17",0.0276066460318759
"908","con",3,"DP 17",0.0607839970872747
"Bc50","con",1,"DP 17",0.0109825188547051
"Bc50","con",3,"DP 17",0.00989765132919703
"908","in",2,"DP 18",-0.0339608606342777
"Bc10","con",2,"DP 18",-0.0427711801429661
"Bc10","con",3,"DP 18",-0.0234700463258139
"908","con",2,"DP 18",-0.0227473995270262
"908","in",3,"DP 18",-0.0170208806111114
"Bc10","con",1,"DP 18",-0.0253600951154202
"Bc50","in",3,"DP 18",-0.00318467725919717
"Bc10","in",3,"DP 18",-0.000977820849950477
"908","con",1,"DP 18",-0.00204884871967579
"908","in",1,"DP 18",-0.000274481652629923
"Bc50","con",2,"DP 18",0.00694600315176082
"Bc10","in",1,"DP 18",-0.00427672233132349
"Bc50","in",2,"DP 18",0.012755864149265
"Bc10","in",2,"DP 18",-0.0351219032223405
"Bc50","in",1,"DP 18",-0.0169460885554034
"908","con",3,"DP 18",0.0186255143525833
"Bc50","con",1,"DP 18",0.017167199769521
"Bc50","con",3,"DP 18",0.0239269878418182
"908","in",2,"DP 19",-0.0247475378575635
"Bc10","con",2,"DP 19",-0.0183283700689297
"Bc10","con",3,"DP 19",-0.0154163292495247
"908","con",2,"DP 19",0.0305202969788735
"908","in",3,"DP 19",0.00155833318853357
"Bc10","con",1,"DP 19",0.0545544302638518
"Bc50","in",3,"DP 19",0.0429453538326768
"Bc10","in",3,"DP 19",0.106645034438843
"908","con",1,"DP 19",0.0999762639874531
"908","in",1,"DP 19",0.00545316529389685
"Bc50","con",2,"DP 19",-0.000329237922708185
"Bc10","in",1,"DP 19",0.0132506584734568
"Bc50","in",2,"DP 19",0.0176404915657233
"Bc10","in",2,"DP 19",-0.00765525606899301
"Bc50","in",1,"DP 19",0.0206211472066186
"908","con",3,"DP 19",0.0600614436410302
"Bc50","con",1,"DP 19",0.0119139298925917
"Bc50","con",3,"DP 19",0.0142761689618789
"908","in",2,"DP 20",0.023086511645597
"Bc10","con",2,"DP 20",0.0340232095233483
"Bc10","con",3,"DP 20",0.0271829185908376
"908","con",2,"DP 20",0.0441464088616921
"908","in",3,"DP 20",-0.0105967797337908
"Bc10","con",1,"DP 20",0.127955215572498
"Bc50","in",3,"DP 20",0.0390562873523072
"Bc10","in",3,"DP 20",0.115593881692215
"908","con",1,"DP 20",0.142652290499646
"908","in",1,"DP 20",0.0475577485763628
"Bc50","con",2,"DP 20",-0.0204121995635606
"Bc10","in",1,"DP 20",0.0186412392109007
"Bc50","in",2,"DP 20",0.0366528901093883
"Bc10","in",2,"DP 20",0.0152035684276195
"Bc50","in",1,"DP 20",0.0136549543713672
"908","con",3,"DP 20",0.0946294984571183
"Bc50","con",1,"DP 20",-0.00828570860193572
"Bc50","con",3,"DP 20",-0.00952747546430481
"908","in",2,"DP 21",0.0256317561089479
"Bc10","con",2,"DP 21",0.033500900146981
"Bc10","con",3,"DP 21",0.0314486216518573
"908","con",2,"DP 21",0.0373303093749141
"908","in",3,"DP 21",-0.0180426697386382
"Bc10","con",1,"DP 21",0.0624567934307778
"Bc50","in",3,"DP 21",0.0449271588278907
"Bc10","in",3,"DP 21",0.128014019050295
"908","con",1,"DP 21",0.165107921492534
"908","in",1,"DP 21",0.0369777232065333
"Bc50","con",2,"DP 21",-0.00552155975283831
"Bc10","in",1,"DP 21",0.034881489762335
"Bc50","in",2,"DP 21",0.0386779325633173
"Bc10","in",2,"DP 21",0.097471168208067
"Bc50","in",1,"DP 21",0.0147884929737054
"908","con",3,"DP 21",0.090379585783698
"Bc50","con",1,"DP 21",-0.0180426697386382
"Bc50","con",3,"DP 21",-0.0180426697386382
"908","in",2,"DP 22",-0.0331931480890159
"Bc10","con",2,"DP 22",-0.0382778049247879
"Bc10","con",3,"DP 22",-0.0252562193954714
"908","con",2,"DP 22",0.0146090385449949
"908","in",3,"DP 22",-0.02672838501897
"Bc10","con",1,"DP 22",0.00418639435356968
"Bc50","in",3,"DP 22",-0.0244769994016953
"Bc10","in",3,"DP 22",0.0726310095956113
"908","con",1,"DP 22",0.106011893651969
"908","in",1,"DP 22",-0.035608094328009
"Bc50","con",2,"DP 22",0.0345690319045581
"Bc10","in",1,"DP 22",0.0233031905248265
"Bc50","in",2,"DP 22",-0.0262695273259466
"Bc10","in",2,"DP 22",0.0240222984131447
"Bc50","in",1,"DP 22",-0.0196617880044496
"908","con",3,"DP 22",0.0734736924587588
"Bc50","con",1,"DP 22",-0.00642948354633075
"Bc50","con",3,"DP 22",-0.00258289814311806
"908","in",2,"DP 23",0.0359983982801764
"Bc10","con",2,"DP 23",0.00782534870607971
"Bc10","con",3,"DP 23",0.0315857460614946
"908","con",2,"DP 23",0.0158235231368964
"908","in",3,"DP 23",-0.0299872467029825
"Bc10","con",1,"DP 23",0.0484691430954819
"Bc50","in",3,"DP 23",0.0188751058354076
"Bc10","in",3,"DP 23",0.122185887324358
"908","con",1,"DP 23",0.157816025664032
"908","in",1,"DP 23",0.0138314398095742
"Bc50","con",2,"DP 23",-0.0112506816400226
"Bc10","in",1,"DP 23",0.0492299941439032
"Bc50","in",2,"DP 23",0.00971736790998523
"Bc10","in",2,"DP 23",0.0595486254898733
"Bc50","in",1,"DP 23",0.00979120510322304
"908","con",3,"DP 23",0.0552645780300188
"Bc50","con",1,"DP 23",-0.0299872467029825
"Bc50","con",3,"DP 23",-0.0299872467029825
"908","in",2,"DP 24",0.0342222418089281
"Bc10","con",2,"DP 24",0.0649458293111081
"Bc10","con",3,"DP 24",0.046112565960822
"908","con",2,"DP 24",0.0606240216949783
"908","in",3,"DP 24",0
"Bc10","con",1,"DP 24",0.0737843067636036
"Bc50","in",3,"DP 24",0.0387095979461957
"Bc10","in",3,"DP 24",0.147456144435419
"908","con",1,"DP 24",0.184696826484903
"908","in",1,"DP 24",0.0325801201540034
"Bc50","con",2,"DP 24",0.0186163768539167
"Bc10","in",1,"DP 24",0.101039593150605
"Bc50","in",2,"DP 24",0.0347655795810207
"Bc10","in",2,"DP 24",0.114872038742549
"Bc50","in",1,"DP 24",0.0184596020953848
"908","con",3,"DP 24",0.112921411869864
"Bc50","con",1,"DP 24",0
"Bc50","con",3,"DP 24",0
"908","in",2,"DP 25",0.00175164880414594
"Bc10","con",2,"DP 25",0.0361927000548178
"Bc10","con",3,"DP 25",0.0322186407267071
"908","con",2,"DP 25",0.0361552034658914
"908","in",3,"DP 25",0.00965398253276807
"Bc10","con",1,"DP 25",0.0860836658030495
"Bc50","in",3,"DP 25",0.0477343944951392
"Bc10","in",3,"DP 25",0.147095082308975
"908","con",1,"DP 25",0.190390477559793
"908","in",1,"DP 25",0.0170597548941446
"Bc50","con",2,"DP 25",0.0280152909977921
"Bc10","in",1,"DP 25",0.0995776329797454
"Bc50","in",2,"DP 25",0.0449140521747246
"Bc10","in",2,"DP 25",0.118306536522263
"Bc50","in",1,"DP 25",0.0204079481362354
"908","con",3,"DP 25",0.102460939179036
"Bc50","con",1,"DP 25",0.0176088693956754
"Bc50","con",3,"DP 25",0.0213836466594809
"908","in",2,"DP 26",0.0285157541989924
"Bc10","con",2,"DP 26",0.0630589731330824
"Bc10","con",3,"DP 26",0.0608369387597124
"908","con",2,"DP 26",0.0460354200824957
"908","in",3,"DP 26",-0.0136597285833708
"Bc10","con",1,"DP 26",0.0681260504529347
"Bc50","in",3,"DP 26",0.0208948290489516
"Bc10","in",3,"DP 26",0.164313641377215
"908","con",1,"DP 26",0.213296917576788
"908","in",1,"DP 26",0.0283704730137175
"Bc50","con",2,"DP 26",-0.00376185219647724
"Bc10","in",1,"DP 26",0.112269493479277
"Bc50","in",2,"DP 26",0.0129434458606754
"Bc10","in",2,"DP 26",0.136476462027191
"Bc50","in",1,"DP 26",0.00313649925049445
"908","con",3,"DP 26",0.111899282433931
"Bc50","con",1,"DP 26",-0.0136597285833708
"Bc50","con",3,"DP 26",-0.0136597285833708
"908","in",2,"DP 27",0.0396816214855259
"Bc10","con",2,"DP 27",0.0691286807613718
"Bc10","con",3,"DP 27",0.0672360197335147
"908","con",2,"DP 27",0.066439755826186
"908","in",3,"DP 27",-0.0207516487368144
"Bc10","con",1,"DP 27",0.0776106628681325
"Bc50","in",3,"DP 27",0.0122397015323121
"Bc10","in",3,"DP 27",0.161903869862927
"908","con",1,"DP 27",0.21290396571899
"908","in",1,"DP 27",0.022219876494204
"Bc50","con",2,"DP 27",-0.0207516487368144
"Bc10","in",1,"DP 27",0.110193226957075
"Bc50","in",2,"DP 27",0.00618302697329893
"Bc10","in",2,"DP 27",0.135859626586954
"Bc50","in",1,"DP 27",-0.000202759513776079
"908","con",3,"DP 27",0.122162100285024
"Bc50","con",1,"DP 27",-0.0207516487368144
"Bc50","con",3,"DP 27",-0.0207516487368144
"908","in",2,"DP 28",0.0488825793209787
"Bc10","con",2,"DP 28",0.0739132176733597
"Bc10","con",3,"DP 28",0.071742147202728
"908","con",2,"DP 28",0.0821743899197845
"908","in",3,"DP 28",0
"Bc10","con",1,"DP 28",0.0770422795692495
"Bc50","in",3,"DP 28",0.0290668760736582
"Bc10","in",3,"DP 28",0.163343172372486
"908","con",1,"DP 28",0.214895629454677
"908","in",1,"DP 28",0.0401980082336316
"Bc50","con",2,"DP 28",0
"Bc10","in",1,"DP 28",0.114513699583356
"Bc50","in",2,"DP 28",0.0231446756784028
"Bc10","in",2,"DP 28",0.142531415110783
"Bc50","in",1,"DP 28",0.017896882897162
"908","con",3,"DP 28",0.143703867372607
"Bc50","con",1,"DP 28",0
"Bc50","con",3,"DP 28",0
"908","in",2,"DP 29",0.0477278436483633
"Bc10","con",2,"DP 29",0.0640831182168923
"Bc10","con",3,"DP 29",0.0618699870171114
"908","con",2,"DP 29",0.0821498868399559
"908","in",3,"DP 29",0
"Bc10","con",1,"DP 29",0.123305578223148
"Bc50","in",3,"DP 29",0.0293905896174429
"Bc10","in",3,"DP 29",0.17201070982461
"908","con",1,"DP 29",0.234105652327448
"908","in",1,"DP 29",0.0392076784400464
"Bc50","con",2,"DP 29",0.0129316903958005
"Bc10","in",1,"DP 29",0.12193183430148
"Bc50","in",2,"DP 29",0.0237403396620135
"Bc10","in",2,"DP 29",0.140242174080126
"Bc50","in",1,"DP 29",0.0192430987634123
"908","con",3,"DP 29",0.142792439667685
"Bc50","con",1,"DP 29",0
"Bc50","con",3,"DP 29",0
"908","in",2,"DP 30",0.036884219606622
"Bc10","con",2,"DP 30",0.0611790835749559
"Bc10","con",3,"DP 30",0.0281552695977177
"908","con",2,"DP 30",-0.00854499069612827
"908","in",3,"DP 30",-0.00854499069612827
"Bc10","con",1,"DP 30",0.12538945045314
"Bc50","in",3,"DP 30",0.019798692428537
"Bc10","in",3,"DP 30",0.189198905484917
"908","con",1,"DP 30",0.22514739005892
"908","in",1,"DP 30",0.0302812793905521
"Bc50","con",2,"DP 30",-0.000272504829539048
"Bc10","in",1,"DP 30",0.113792647105934
"Bc50","in",2,"DP 30",0.0120153445227632
"Bc10","in",2,"DP 30",0.132809416539908
"Bc50","in",1,"DP 30",0.00869801900834172
"908","con",3,"DP 30",0.141122209673002
"Bc50","con",1,"DP 30",-0.00854499069612827
"Bc50","con",3,"DP 30",-0.00854499069612827
"908","in",2,"DP 31",0.0407974694625319
"Bc10","con",2,"DP 31",0
"Bc10","con",3,"DP 31",0.0326124515463654
"908","con",2,"DP 31",0.0889161752662948
"908","in",3,"DP 31",0
"Bc10","con",1,"DP 31",0.135063119919104
"Bc50","in",3,"DP 31",0.0442916150841526
"Bc10","in",3,"DP 31",0.1834343626341
"908","con",1,"DP 31",0.230611405384515
"908","in",1,"DP 31",0.0427049230360198
"Bc50","con",2,"DP 31",0.0110039268093441
"Bc10","in",1,"DP 31",0.143826346578129
"Bc50","in",2,"DP 31",0.0407627372654768
"Bc10","in",2,"DP 31",0.161200369340174
"Bc50","in",1,"DP 31",0.0340847974622698
"908","con",3,"DP 31",0
"Bc50","con",1,"DP 31",0
"Bc50","con",3,"DP 31",0
"908","in",2,"DP 32",0.0331551048228238
"Bc10","con",2,"DP 32",0
"Bc10","con",3,"DP 32",0.0331293205498103
"908","con",2,"DP 32",0.0875261593419233
"908","in",3,"DP 32",0
"Bc10","con",1,"DP 32",0.107457261261808
"Bc50","in",3,"DP 32",0.0411249268073377
"Bc10","in",3,"DP 32",0.17571864320325
"908","con",1,"DP 32",0.194102634416364
"908","in",1,"DP 32",0.0414237775165547
"Bc50","con",2,"DP 32",0.0117389086774386
"Bc10","in",1,"DP 32",0.13646782196977
"Bc50","in",2,"DP 32",0.0403363832240457
"Bc10","in",2,"DP 32",0.152214796798882
"Bc50","in",1,"DP 32",0.0307349332814508
"908","con",3,"DP 32",0.146678439921612
"Bc50","con",1,"DP 32",0
"Bc50","con",3,"DP 32",0
"908","in",2,"DP 33",0.0354011737166968
"Bc10","con",2,"DP 33",0
"Bc10","con",3,"DP 33",0.0311152377294485
"908","con",2,"DP 33",0.0978184388159097
"908","in",3,"DP 33",0
"Bc10","con",1,"DP 33",0.113743224175002
"Bc50","in",3,"DP 33",0.040859229452806
"Bc10","in",3,"DP 33",0.149041949790064
"908","con",1,"DP 33",0.176581690283513
"908","in",1,"DP 33",0.0377882371037095
"Bc50","con",2,"DP 33",0.0169218235823784
"Bc10","in",1,"DP 33",0.129423096035133
"Bc50","in",2,"DP 33",0.0409986766791727
"Bc10","in",2,"DP 33",0.135785137934734
"Bc50","in",1,"DP 33",0
"908","con",3,"DP 33",0.160120354655057
"Bc50","con",1,"DP 33",0
"Bc50","con",3,"DP 33",0
"908","in",2,"DP 34",0.00626003321253964
"Bc10","con",2,"DP 34",-0.0221934504950828
"Bc10","con",3,"DP 34",0.00698053777700033
"908","con",2,"DP 34",0.0651077181152658
"908","in",3,"DP 34",-0.0221934504950828
"Bc10","con",1,"DP 34",0.0683203472921786
"Bc50","in",3,"DP 34",0.00840550336108847
"Bc10","in",3,"DP 34",0.106475093839046
"908","con",1,"DP 34",0.12984460647681
"908","in",1,"DP 34",0.00839686515076996
"Bc50","con",2,"DP 34",-0.0221934504950828
"Bc10","in",1,"DP 34",0.0946127498993849
"Bc50","in",2,"DP 34",0.0042348149960623
"Bc10","in",2,"DP 34",0.089403751017371
"Bc50","in",1,"DP 34",0.00353188783497503
"908","con",3,"DP 34",0.11944947694869
"Bc50","con",1,"DP 34",-0.0112748874110811
"Bc50","con",3,"DP 34",-0.0108134921279306
"908","in",2,"DP 35",0.00449062454531168
"Bc10","con",2,"DP 35",-0.021274795171407
"Bc10","con",3,"DP 35",0.0121979737071628
"908","con",2,"DP 35",0.071186453418113
"908","in",3,"DP 35",-0.0107992906020901
"Bc10","con",1,"DP 35",0.122806149800886
"Bc50","in",3,"DP 35",0.0166390814499324
"Bc10","in",3,"DP 35",0.156800458268648
"908","con",1,"DP 35",0.139579401786504
"908","in",1,"DP 35",0.0342664722043417
"Bc50","con",2,"DP 35",-0.00788509218697547
"Bc10","in",1,"DP 35",0.103476066494178
"Bc50","in",2,"DP 35",0.0341997050512326
"Bc10","in",2,"DP 35",0.0980811650614072
"Bc50","in",1,"DP 35",0.0108320647369722
"908","con",3,"DP 35",0.11871658545937
"Bc50","con",1,"DP 35",-0.00691877525205686
"Bc50","con",3,"DP 35",-0.006981859761929
"908","in",2,"DP 36",0.0145258707465195
"Bc10","con",2,"DP 36",-0.0163370532043631
"Bc10","con",3,"DP 36",0.0226593932449533
"908","con",2,"DP 36",0.0771553453416832
"908","in",3,"DP 36",-0.00423396503656005
"Bc10","con",1,"DP 36",0.102385346502946
"Bc50","in",3,"DP 36",0.0244788772132489
"Bc10","in",3,"DP 36",0.142757795683588
"908","con",1,"DP 36",0.151661783507486
"908","in",1,"DP 36",0.02549605001008
"Bc50","con",2,"DP 36",0.00425861740303332
"Bc10","in",1,"DP 36",0.125116945619821
"Bc50","in",2,"DP 36",0.0159764183705876
"Bc10","in",2,"DP 36",0.116162759893381
"Bc50","in",1,"DP 36",0.0155312757333263
"908","con",3,"DP 36",0.121202062379644
"Bc50","con",1,"DP 36",-0.0163370532043631
"Bc50","con",3,"DP 36",-0.0163370532043631
"908","in",2,"DP 37",0.00985518124755576
"Bc10","con",2,"DP 37",-0.00800482362436997
"Bc10","con",3,"DP 37",0.0222620608620193
"908","con",2,"DP 37",0.0851742687211261
"908","in",3,"DP 37",-0.00800482362436997
"Bc10","con",1,"DP 37",0.150952417910514
"Bc50","in",3,"DP 37",0.0184062302198308
"Bc10","in",3,"DP 37",0.134919940142767
"908","con",1,"DP 37",0.15664499708335
"908","in",1,"DP 37",0.0284295187863836
"Bc50","con",2,"DP 37",-0.00800482362436997
"Bc10","in",1,"DP 37",0.132345988886626
"Bc50","in",2,"DP 37",0.0206451534139353
"Bc10","in",2,"DP 37",0.129418383468675
"Bc50","in",1,"DP 37",0.0157613068882733
"908","con",3,"DP 37",0.124662173160679
"Bc50","con",1,"DP 37",-0.00800482362436997
"Bc50","con",3,"DP 37",-0.00800482362436997
"908","in",2,"DP 38",0.00155297669253113
"Bc10","con",2,"DP 38",-0.0149910902001782
"Bc10","con",3,"DP 38",0.0311674759236053
"908","con",2,"DP 38",0.088955527827988
"908","in",3,"DP 38",-0.00465053715737121
"Bc10","con",1,"DP 38",0.110779773923627
"Bc50","in",3,"DP 38",0.0168978130096485
"Bc10","in",3,"DP 38",0.118453051691239
"908","con",1,"DP 38",0.151033646424543
"908","in",1,"DP 38",0.0274496797423713
"Bc50","con",2,"DP 38",-0.00203746647147532
"Bc10","in",1,"DP 38",0.0791282982621591
"Bc50","in",2,"DP 38",0.0198139475059591
"Bc10","in",2,"DP 38",0.0905405687345941
"Bc50","in",1,"DP 38",0.0176436576405252
"908","con",3,"DP 38",0.0995335625539173
"Bc50","con",1,"DP 38",-0.00369042903536099
"Bc50","con",3,"DP 38",-0.00311552959667426
"908","in",2,"DP 39",0.0136185782594789
"Bc10","con",2,"DP 39",-0.0137696270999832
"Bc10","con",3,"DP 39",0.0366788632091677
"908","con",2,"DP 39",0.0853685205562372
"908","in",3,"DP 39",-0.0137696270999832
"Bc10","con",1,"DP 39",0.0665565745116856
"Bc50","in",3,"DP 39",-0.0137696270999832
"Bc10","in",3,"DP 39",0.0908448362857915
"908","con",1,"DP 39",0.137827899844533
"908","in",1,"DP 39",0.00900748763544989
"Bc50","con",2,"DP 39",-0.0137696270999832
"Bc10","in",1,"DP 39",0.0621480688465386
"Bc50","in",2,"DP 39",0.0020379003559246
"Bc10","in",2,"DP 39",0.0659199790727267
"Bc50","in",1,"DP 39",0.00646778094451569
"908","con",3,"DP 39",0.0898051985942981
"Bc50","con",1,"DP 39",-0.0137696270999832
"Bc50","con",3,"DP 39",-0.0137696270999832
"908","in",2,"DP 40",0.00965390430083973
"Bc10","con",2,"DP 40",-0.00838689842290088
"Bc10","con",3,"DP 40",0.0339177753830631
"908","con",2,"DP 40",0.0664149307232591
"908","in",3,"DP 40",-0.00838689842290088
"Bc10","con",1,"DP 40",-0.00838689842290088
"Bc50","in",3,"DP 40",0.00657525397933857
"Bc10","in",3,"DP 40",0.0893967440493717
"908","con",1,"DP 40",0.135051750418949
"908","in",1,"DP 40",0.0130991537415579
"Bc50","con",2,"DP 40",-0.00838689842290088
"Bc10","in",1,"DP 40",0.0661421184236282
"Bc50","in",2,"DP 40",-0.00838689842290088
"Bc10","in",2,"DP 40",0.0706876597072868
"Bc50","in",1,"DP 40",0.00868291697436383
"908","con",3,"DP 40",0.0908839309200286
"Bc50","con",1,"DP 40",-0.00838689842290088
"Bc50","con",3,"DP 40",-0.00838689842290088
"908","in",2,"DP 41",0.00686675321041707
"Bc10","con",2,"DP 41",-0.00858746558776431
"Bc10","con",3,"DP 41",0.0282235414518583
"908","con",2,"DP 41",0.0656432187777221
"908","in",3,"DP 41",-0.00858746558776431
"Bc10","con",1,"DP 41",-0.00858746558776431
"Bc50","in",3,"DP 41",-0.00858746558776431
"Bc10","in",3,"DP 41",0.08430539056372
"908","con",1,"DP 41",0.130087860364093
"908","in",1,"DP 41",0.01155377648202
"Bc50","con",2,"DP 41",-0.00858746558776431
"Bc10","in",1,"DP 41",0.0634475083108773
"Bc50","in",2,"DP 41",-0.00858746558776431
"Bc10","in",2,"DP 41",0.0676585502899389
"Bc50","in",1,"DP 41",-0.00858746558776431
"908","con",3,"DP 41",0.0884857813339589
"Bc50","con",1,"DP 41",-0.00858746558776431
"Bc50","con",3,"DP 41",-0.00858746558776431
"908","in",2,"DP 42",0.0060990274560658
"Bc10","con",2,"DP 42",-0.00882952212220716
"Bc10","con",3,"DP 42",0.0253543960233778
"908","con",2,"DP 42",0.0638989852141853
"908","in",3,"DP 42",-0.00882952212220716
"Bc10","con",1,"DP 42",-0.00882952212220716
"Bc50","in",3,"DP 42",-0.00882952212220716
"Bc10","in",3,"DP 42",0.0792952634586001
"908","con",1,"DP 42",0.120212333474216
"908","in",1,"DP 42",0.00939888720176138
"Bc50","con",2,"DP 42",-0.00882952212220716
"Bc10","in",1,"DP 42",0.0593390069484282
"Bc50","in",2,"DP 42",-0.00882952212220716
"Bc10","in",2,"DP 42",0.0661839080435249
"Bc50","in",1,"DP 42",0.00166561386586699
"908","con",3,"DP 42",0.0849482813437053
"Bc50","con",1,"DP 42",-0.00882952212220716
"Bc50","con",3,"DP 42",-0.00882952212220716
"908","in",2,"DP 43",0.0118686750968095
"Bc10","con",2,"DP 43",-0.0129925818301435
"Bc10","con",3,"DP 43",0.0294995313831924
"908","con",2,"DP 43",0.0545380856245794
"908","in",3,"DP 43",-0.0129925818301435
"Bc10","con",1,"DP 43",-0.0129925818301435
"Bc50","in",3,"DP 43",-0.0129925818301435
"Bc10","in",3,"DP 43",0.072646957534964
"908","con",1,"DP 43",0.113174412263311
"908","in",1,"DP 43",0.00550767776352858
"Bc50","con",2,"DP 43",-0.0129925818301435
"Bc10","in",1,"DP 43",0.0541553561412536
"Bc50","in",2,"DP 43",-0.0129925818301435
"Bc10","in",2,"DP 43",0.0586433196643828
"Bc50","in",1,"DP 43",-0.0129925818301435
"908","con",3,"DP 43",0.0780798047415587
"Bc50","con",1,"DP 43",-0.0129925818301435
"Bc50","con",3,"DP 43",-0.0129925818301435
"908","in",2,"DP 44",0.0135419124352951
"Bc10","con",2,"DP 44",-0.0144629430885618
"Bc10","con",3,"DP 44",0.0328358106709328
"908","con",2,"DP 44",0.0548474458610059
"908","in",3,"DP 44",-0.0144629430885618
"Bc10","con",1,"DP 44",-0.0144629430885618
"Bc50","in",3,"DP 44",0.000599505593025303
"Bc10","in",3,"DP 44",0.0643214742877
"908","con",1,"DP 44",0.107286750530979
"908","in",1,"DP 44",0.0039841798074804
"Bc50","con",2,"DP 44",-0.0144629430885618
"Bc10","in",1,"DP 44",0.0494767648641432
"Bc50","in",2,"DP 44",-0.00139652679936897
"Bc10","in",2,"DP 44",0.0553679695409997
"Bc50","in",1,"DP 44",-0.0144629430885618
"908","con",3,"DP 44",0.0753920530229343
"Bc50","con",1,"DP 44",-0.0144629430885618
"Bc50","con",3,"DP 44",-0.0144629430885618
"908","in",2,"DP 45",0.0159684284940188
"Bc10","con",2,"DP 45",-0.0150696264147591
"Bc10","con",3,"DP 45",0.0317776019856798
"908","con",2,"DP 45",0.0506795387390958
"908","in",3,"DP 45",-0.0150696264147591
"Bc10","con",1,"DP 45",-0.0150696264147591
"Bc50","in",3,"DP 45",0.00765886122106723
"Bc10","in",3,"DP 45",0.0741003580262013
"908","con",1,"DP 45",0.127697068316642
"908","in",1,"DP 45",0.0118222146177257
"Bc50","con",2,"DP 45",-0.0150696264147591
"Bc10","in",1,"DP 45",0.0504766873701087
"Bc50","in",2,"DP 45",0.00655888737339818
"Bc10","in",2,"DP 45",0.0580279650016187
"Bc50","in",1,"DP 45",-0.0150696264147591
"908","con",3,"DP 45",0.0721671378008204
"Bc50","con",1,"DP 45",-0.0150696264147591
"Bc50","con",3,"DP 45",-0.0150696264147591
"908","in",2,"DP 46",-0.00603308560524739
"Bc10","con",2,"DP 46",-0.0395797872059524
"Bc10","con",3,"DP 46",0.00909807377370674
"908","con",2,"DP 46",0.0288281536154922
"908","in",3,"DP 46",-0.0395797872059524
"Bc10","con",1,"DP 46",-0.0395797872059524
"Bc50","in",3,"DP 46",-0.0131311146072415
"Bc10","in",3,"DP 46",0.0705684912362099
"908","con",1,"DP 46",0.0998786878112543
"908","in",1,"DP 46",0.00178070200801318
"Bc50","con",2,"DP 46",-0.0395797872059524
"Bc10","in",1,"DP 46",0.0305668585405036
"Bc50","in",2,"DP 46",-0.0123633237173616
"Bc10","in",2,"DP 46",0.0419278874751866
"Bc50","in",1,"DP 46",-0.029846159887232
"908","con",3,"DP 46",0.0524480620368055
"Bc50","con",1,"DP 46",-0.0395797872059524
"Bc50","con",3,"DP 46",-0.0395797872059524
"908","in",2,"DP 47",0.0223595742901926
"Bc10","con",2,"DP 47",-0.0229861943720152
"Bc10","con",3,"DP 47",0.0670815973207636
"908","con",2,"DP 47",0.0432847633038785
"908","in",3,"DP 47",-0.0229861943720152
"Bc10","con",1,"DP 47",-0.0229861943720152
"Bc50","in",3,"DP 47",-0.000333123081006721
"Bc10","in",3,"DP 47",0.0793743978542558
"908","con",1,"DP 47",0.107745156944622
"908","in",1,"DP 47",0.0175328237613206
"Bc50","con",2,"DP 47",-0.0229861943720152
"Bc10","in",1,"DP 47",0.0713825038550862
"Bc50","in",2,"DP 47",0.00613502334179824
"Bc10","in",2,"DP 47",0.0758812280716906
"Bc50","in",1,"DP 47",-0.00668118180630703
"908","con",3,"DP 47",0.0636215301804144
"Bc50","con",1,"DP 47",-0.0229861943720152
"Bc50","con",3,"DP 47",-0.0229861943720152
"908","in",2,"DP 48",0.0332586900471659
"Bc10","con",2,"DP 48",-0.03064455356461
"Bc10","con",3,"DP 48",0.010890644171061
"908","con",2,"DP 48",0.0488179088988503
"908","in",3,"DP 48",-0.03064455356461
"Bc10","con",1,"DP 48",-0.03064455356461
"Bc50","in",3,"DP 48",-0.000912985617140971
"Bc10","in",3,"DP 48",0.0588384354032875
"908","con",1,"DP 48",0.0902195010449741
"908","in",1,"DP 48",0.00822188650328221
"Bc50","con",2,"DP 48",-0.03064455356461
"Bc10","in",1,"DP 48",0.0566149142680235
"Bc50","in",2,"DP 48",0.00282068572991761
"Bc10","in",2,"DP 48",0.0660152052785211
"Bc50","in",1,"DP 48",-0.00729853305374023
"908","con",3,"DP 48",0.0730312346139425
"Bc50","con",1,"DP 48",-0.03064455356461
"Bc50","con",3,"DP 48",-0.03064455356461
"908","in",2,"DP 49",-0.00639356359711415
"Bc10","con",2,"DP 49",-0.0326297143421439
"Bc10","con",3,"DP 49",-0.0130403297518662
"908","con",2,"DP 49",0.0433421549926144
"908","in",3,"DP 49",0.0126236013832391
"Bc10","con",1,"DP 49",-0.0326297143421439
"Bc50","in",3,"DP 49",-0.00858452815633345
"Bc10","in",3,"DP 49",0.0605918415979587
"908","con",1,"DP 49",0.0833744532478825
"908","in",1,"DP 49",0.0101376370454887
"Bc50","con",2,"DP 49",-0.0326297143421439
"Bc10","in",1,"DP 49",0.0510853044339303
"Bc50","in",2,"DP 49",-0.00636962985261607
"Bc10","in",2,"DP 49",0.058297432398446
"Bc50","in",1,"DP 49",-0.0121644136125889
"908","con",3,"DP 49",0.0686225853250166
"Bc50","con",1,"DP 49",-0.0326297143421439
"Bc50","con",3,"DP 49",-0.0326297143421439
"908","in",2,"DP 50",0.00317496304042163
"Bc10","con",2,"DP 50",-0.0169810869835814
"Bc10","con",3,"DP 50",-0.0169810869835814
"908","con",2,"DP 50",0.0455297348070659
"908","in",3,"DP 50",-0.0169810869835814
"Bc10","con",1,"DP 50",-0.0169810869835814
"Bc50","in",3,"DP 50",-0.001559749903551
"Bc10","in",3,"DP 50",0.0571622597850348
"908","con",1,"DP 50",0.0791586985075238
"908","in",1,"DP 50",0.0173429272656827
"Bc50","con",2,"DP 50",-0.0169810869835814
"Bc10","in",1,"DP 50",0.0493947844031963
"Bc50","in",2,"DP 50",0.00243848672092662
"Bc10","in",2,"DP 50",0.0547228814974974
"Bc50","in",1,"DP 50",-0.00151722370668039
"908","con",3,"DP 50",0.0638114884858168
"Bc50","con",1,"DP 50",-0.0169810869835814
"Bc50","con",3,"DP 50",-0.0169810869835814
"908","in",2,"DP 51",-0.00371337026219947
"Bc10","con",2,"DP 51",-0.00371337026219947
"Bc10","con",3,"DP 51",-0.00371337026219947
"908","con",2,"DP 51",0.0392268616061961
"908","in",3,"DP 51",-0.00371337026219947
"Bc10","con",1,"DP 51",-0.00371337026219947
"Bc50","in",3,"DP 51",-0.00371337026219947
"Bc10","in",3,"DP 51",0.0484860535243621
"908","con",1,"DP 51",0.0680423039736102
"908","in",1,"DP 51",0.0210905112052168
"Bc50","con",2,"DP 51",-0.00371337026219947
"Bc10","in",1,"DP 51",0.0415042212606278
"Bc50","in",2,"DP 51",-0.00371337026219947
"Bc10","in",2,"DP 51",0.0428468267935001
"Bc50","in",1,"DP 51",-0.00371337026219947
"908","con",3,"DP 51",0.0508144932848452
"Bc50","con",1,"DP 51",-0.00371337026219947
"Bc50","con",3,"DP 51",-0.00371337026219947
"908","in",2,"DP 52",-0.00648542417218488
"Bc10","con",2,"DP 52",-0.00648542417218488
"Bc10","con",3,"DP 52",-0.00648542417218488
"908","con",2,"DP 52",0.0150622743857817
"908","in",3,"DP 52",-0.00648542417218488
"Bc10","con",1,"DP 52",-0.00648542417218488
"Bc50","in",3,"DP 52",-0.00648542417218488
"Bc10","in",3,"DP 52",0.0322007141495908
"908","con",1,"DP 52",0.0495440961882031
"908","in",1,"DP 52",0.00804768907454003
"Bc50","con",2,"DP 52",-0.00648542417218488
"Bc10","in",1,"DP 52",0.0254782224703758
"Bc50","in",2,"DP 52",-0.00648542417218488
"Bc10","in",2,"DP 52",0.0415897966346014
"Bc50","in",1,"DP 52",-0.00648542417218488
"908","con",3,"DP 52",0.0492315579137264
"Bc50","con",1,"DP 52",-0.00648542417218488
"Bc50","con",3,"DP 52",-0.00648542417218488
"908","in",2,"DP 53",-0.0068711602290459
"Bc10","con",2,"DP 53",-0.0068711602290459
"Bc10","con",3,"DP 53",-0.0068711602290459
"908","con",2,"DP 53",0.0254052021997941
"908","in",3,"DP 53",-0.0068711602290459
"Bc10","con",1,"DP 53",-0.0068711602290459
"Bc50","in",3,"DP 53",-0.0068711602290459
"Bc10","in",3,"DP 53",0.0399702002237005
"908","con",1,"DP 53",0.0574089177046455
"908","in",1,"DP 53",0.0174491056312802
"Bc50","con",2,"DP 53",-0.0068711602290459
"Bc10","in",1,"DP 53",0.0283381630487145
"Bc50","in",2,"DP 53",-0.0068711602290459
"Bc10","in",2,"DP 53",0.0450405489954522
"Bc50","in",1,"DP 53",-0.0068711602290459
"908","con",3,"DP 53",0.051946679249748
"Bc50","con",1,"DP 53",-0.0068711602290459
"Bc50","con",3,"DP 53",-0.0068711602290459
"908","in",2,"DP 54",-0.0376158381653799
"Bc10","con",2,"DP 54",-0.0376158381653799
"Bc10","con",3,"DP 54",-0.0376158381653799
"908","con",2,"DP 54",0.000264715275510688
"908","in",3,"DP 54",-0.0376158381653799
"Bc10","con",1,"DP 54",-0.0376158381653799
"Bc50","in",3,"DP 54",-0.0376158381653799
"Bc10","in",3,"DP 54",0.00820282455589067
"908","con",1,"DP 54",0.0254501071155736
"908","in",1,"DP 54",-0.0138706527118326
"Bc50","con",2,"DP 54",-0.0376158381653799
"Bc10","in",1,"DP 54",-0.00654897221565532
"Bc50","in",2,"DP 54",-0.0376158381653799
"Bc10","in",2,"DP 54",0.0120048838855726
"Bc50","in",1,"DP 54",-0.0376158381653799
"908","con",3,"DP 54",0.0196743468482851
"Bc50","con",1,"DP 54",-0.0376158381653799
"Bc50","con",3,"DP 54",-0.0376158381653799
"908","in",2,"DP 55",-0.00759266384127663
"Bc10","con",2,"DP 55",-0.00759266384127663
"Bc10","con",3,"DP 55",-0.00759266384127663
"908","con",2,"DP 55",0.0292678332668028
"908","in",3,"DP 55",-0.00759266384127663
"Bc10","con",1,"DP 55",-0.00759266384127663
"Bc50","in",3,"DP 55",-0.00759266384127663
"Bc10","in",3,"DP 55",0.0363120503933428
"908","con",1,"DP 55",0.0528445144823919
"908","in",1,"DP 55",0.0169937698906253
"Bc50","con",2,"DP 55",-0.00759266384127663
"Bc10","in",1,"DP 55",0.0199775252069036
"Bc50","in",2,"DP 55",-0.00759266384127663
"Bc10","in",2,"DP 55",0.0409238990081472
"Bc50","in",1,"DP 55",-0.00759266384127663
"908","con",3,"DP 55",0.0456312916575979
"Bc50","con",1,"DP 55",-0.00759266384127663
"Bc50","con",3,"DP 55",-0.00759266384127663
"908","in",2,"DP 56",-0.00705688398108773
"Bc10","con",2,"DP 56",-0.00705688398108773
"Bc10","con",3,"DP 56",-0.00705688398108773
"908","con",2,"DP 56",0.0268128671358462
"908","in",3,"DP 56",-0.00705688398108773
"Bc10","con",1,"DP 56",-0.00705688398108773
"Bc50","in",3,"DP 56",-0.00705688398108773
"Bc10","in",3,"DP 56",0.0349340443327335
"908","con",1,"DP 56",0.0507191988480544
"908","in",1,"DP 56",0.0167110672585917
"Bc50","con",2,"DP 56",-0.00705688398108773
"Bc10","in",1,"DP 56",0.0158925877411896
"Bc50","in",2,"DP 56",-0.00705688398108773
"Bc10","in",2,"DP 56",0.0388223363440379
"Bc50","in",1,"DP 56",-0.00705688398108773
"908","con",3,"DP 56",0.0423240272982223
"Bc50","con",1,"DP 56",-0.00705688398108773
"Bc50","con",3,"DP 56",-0.00705688398108773
"908","in",2,"DP 57",-0.00886087598625275
"Bc10","con",2,"DP 57",-0.00886087598625275
"Bc10","con",3,"DP 57",-0.00886087598625275
"908","con",2,"DP 57",0.0220103597280112
"908","in",3,"DP 57",-0.00886087598625275
"Bc10","con",1,"DP 57",-0.00886087598625275
"Bc50","in",3,"DP 57",-0.00886087598625275
"Bc10","in",3,"DP 57",0.0303406131159305
"908","con",1,"DP 57",0.0451179011131342
"908","in",1,"DP 57",0.0151069726092483
"Bc50","con",2,"DP 57",-0.00886087598625275
"Bc10","in",1,"DP 57",0.00926580695816549
"Bc50","in",2,"DP 57",-0.00886087598625275
"Bc10","in",2,"DP 57",0.0368024713584176
"Bc50","in",1,"DP 57",-0.00886087598625275
"908","con",3,"DP 57",0.0372478879805368
"Bc50","con",1,"DP 57",-0.00886087598625275
"Bc50","con",3,"DP 57",-0.00886087598625275
"908","in",2,"DP 58",0
"Bc10","con",2,"DP 58",0
"Bc10","con",3,"DP 58",0
"908","con",2,"DP 58",0.0280216972573537
"908","in",3,"DP 58",0
"Bc10","con",1,"DP 58",0
"Bc50","in",3,"DP 58",0
"Bc10","in",3,"DP 58",0.0367875459323113
"908","con",1,"DP 58",0.0499607118287598
"908","in",1,"DP 58",0
"Bc50","con",2,"DP 58",0
"Bc10","in",1,"DP 58",0
"Bc50","in",2,"DP 58",0
"Bc10","in",2,"DP 58",0.0467035338877241
"Bc50","in",1,"DP 58",0
"908","con",3,"DP 58",0.0421807791152259
"Bc50","con",1,"DP 58",0
"Bc50","con",3,"DP 58",0
"908","in",2,"DP 59",-0.0463806021182126
"Bc10","con",2,"DP 59",-0.0463806021182126
"Bc10","con",3,"DP 59",-0.0463806021182126
"908","con",2,"DP 59",-0.021326059176724
"908","in",3,"DP 59",-0.0463806021182126
"Bc10","con",1,"DP 59",-0.0463806021182126
"Bc50","in",3,"DP 59",-0.0463806021182126
"Bc10","in",3,"DP 59",-0.0107458878441714
"908","con",1,"DP 59",0.0014566626326125
"908","in",1,"DP 59",-0.0463806021182126
"Bc50","con",2,"DP 59",-0.0463806021182126
"Bc10","in",1,"DP 59",-0.0463806021182126
"Bc50","in",2,"DP 59",0.0321553157056106
"Bc10","in",2,"DP 59",-0.00674500374070653
"Bc50","in",1,"DP 59",-0.0463806021182126
"908","con",3,"DP 59",-0.00781036134664985
"Bc50","con",1,"DP 59",-0.0463806021182126
"Bc50","con",3,"DP 59",-0.0463806021182126
"908","in",2,"DP 60",0.0156958694395738
"Bc10","con",2,"DP 60",0
"Bc10","con",3,"DP 60",0
"908","con",2,"DP 60",0.0217870142288775
"908","in",3,"DP 60",0
"Bc10","con",1,"DP 60",0
"Bc50","in",3,"DP 60",0
"Bc10","in",3,"DP 60",0.0435314104265907
"908","con",1,"DP 60",0.0531528674322724
"908","in",1,"DP 60",0.497340314242107
"Bc50","con",2,"DP 60",0.290624478796636
"Bc10","in",1,"DP 60",0
"Bc50","in",2,"DP 60",0
"Bc10","in",2,"DP 60",0.0291978792301458
"Bc50","in",1,"DP 60",0
"908","con",3,"DP 60",0.0353019994743682
"Bc50","con",1,"DP 60",0
"Bc50","con",3,"DP 60",0
"908","in",2,"DP 61",0
"Bc10","con",2,"DP 61",0
"Bc10","con",3,"DP 61",0
"908","con",2,"DP 61",0.018972314637035
"908","in",3,"DP 61",0
"Bc10","con",1,"DP 61",0
"Bc50","in",3,"DP 61",0.0633493287923228
"Bc10","in",3,"DP 61",0.039568403514794
"908","con",1,"DP 61",0.0481368100110041
"908","in",1,"DP 61",0
"Bc50","con",2,"DP 61",0
"Bc10","in",1,"DP 61",0
"Bc50","in",2,"DP 61",0
"Bc10","in",2,"DP 61",0.0666517630256876
"Bc50","in",1,"DP 61",0
"908","con",3,"DP 61",0.03437097461398
"Bc50","con",1,"DP 61",0
"Bc50","con",3,"DP 61",0
"908","in",2,"DP 62",0
"Bc10","con",2,"DP 62",0
"Bc10","con",3,"DP 62",0
"908","con",2,"DP 62",0.0168520208896101
"908","in",3,"DP 62",0
"Bc10","con",1,"DP 62",0
"Bc50","in",3,"DP 62",0
"Bc10","in",3,"DP 62",0.0996057578817596
"908","con",1,"DP 62",0.0385978912545777
"908","in",1,"DP 62",0
"Bc50","con",2,"DP 62",0
"Bc10","in",1,"DP 62",0
"Bc50","in",2,"DP 62",0
"Bc10","in",2,"DP 62",0
"Bc50","in",1,"DP 62",0
"908","con",3,"DP 62",0.0333428324622546
"Bc50","con",1,"DP 62",0
"Bc50","con",3,"DP 62",0
"908","in",2,"DP 63",0
"Bc10","con",2,"DP 63",0
"Bc10","con",3,"DP 63",0
"908","con",2,"DP 63",0.015857855028286
"908","in",3,"DP 63",0
"Bc10","con",1,"DP 63",0
"Bc50","in",3,"DP 63",0
"Bc10","in",3,"DP 63",0
"908","con",1,"DP 63",0.0331164796501673
"908","in",1,"DP 63",0
"Bc50","con",2,"DP 63",0
"Bc10","in",1,"DP 63",0
"Bc50","in",2,"DP 63",0
"Bc10","in",2,"DP 63",0
"Bc50","in",1,"DP 63",0
"908","con",3,"DP 63",0.0256284061891862
"Bc50","con",1,"DP 63",0
"Bc50","con",3,"DP 63",0
"908","in",2,"DP 64",0
"Bc10","con",2,"DP 64",0
"Bc10","con",3,"DP 64",0
"908","con",2,"DP 64",0.0125081590520684
"908","in",3,"DP 64",0
"Bc10","con",1,"DP 64",0
"Bc50","in",3,"DP 64",0
"Bc10","in",3,"DP 64",0
"908","con",1,"DP 64",0.0258993079213737
"908","in",1,"DP 64",0
"Bc50","con",2,"DP 64",0
"Bc10","in",1,"DP 64",0
"Bc50","in",2,"DP 64",0
"Bc10","in",2,"DP 64",0
"Bc50","in",1,"DP 64",0
"908","con",3,"DP 64",0.0192030494251589
"Bc50","con",1,"DP 64",0
"Bc50","con",3,"DP 64",0
"908","in",2,"DP 65",0
"Bc10","con",2,"DP 65",0
"Bc10","con",3,"DP 65",0
"908","con",2,"DP 65",0
"908","in",3,"DP 65",0
"Bc10","con",1,"DP 65",0
"Bc50","in",3,"DP 65",0
"Bc10","in",3,"DP 65",0
"908","con",1,"DP 65",0.0200056355762207
"908","in",1,"DP 65",0
"Bc50","con",2,"DP 65",0
"Bc10","in",1,"DP 65",0
"Bc50","in",2,"DP 65",0
"Bc10","in",2,"DP 65",0
"Bc50","in",1,"DP 65",0
"908","con",3,"DP 65",0.0143328600674176
"Bc50","con",1,"DP 65",0
"Bc50","con",3,"DP 65",0
"908","in",2,"DP 66",0
"Bc10","con",2,"DP 66",0
"Bc10","con",3,"DP 66",0
"908","con",2,"DP 66",0
"908","in",3,"DP 66",0
"Bc10","con",1,"DP 66",0
"Bc50","in",3,"DP 66",0
"Bc10","in",3,"DP 66",0
"908","con",1,"DP 66",0.0163889579946041
"908","in",1,"DP 66",0
"Bc50","con",2,"DP 66",0
"Bc10","in",1,"DP 66",0
"Bc50","in",2,"DP 66",0
"Bc10","in",2,"DP 66",0
"Bc50","in",1,"DP 66",0
"908","con",3,"DP 66",0
"Bc50","con",1,"DP 66",0
"Bc50","con",3,"DP 66",0
"908","in",2,"DP 67",0
"Bc10","con",2,"DP 67",0
"Bc10","con",3,"DP 67",0
"908","con",2,"DP 67",0
"908","in",3,"DP 67",0
"Bc10","con",1,"DP 67",0
"Bc50","in",3,"DP 67",0
"Bc10","in",3,"DP 67",0
"908","con",1,"DP 67",0.0107021010260525
"908","in",1,"DP 67",0
"Bc50","con",2,"DP 67",0
"Bc10","in",1,"DP 67",0
"Bc50","in",2,"DP 67",0
"Bc10","in",2,"DP 67",0
"Bc50","in",1,"DP 67",0
"908","con",3,"DP 67",0
"Bc50","con",1,"DP 67",0
"Bc50","con",3,"DP 67",0
"908","in",2,"DP 11",0.0168784787257868
"Bc10","con",2,"DP 11",-0.0165416040526051
"Bc10","con",3,"DP 11",0.00621712820244019
"908","con",2,"DP 11",0.00211128403092727
"908","in",3,"DP 11",-0.0165416040526051
"Bc10","con",1,"DP 11",0.0697038802868974
"Bc50","in",3,"DP 11",0.124950036960689
"Bc10","in",3,"DP 11",0.0136207099881355
"908","con",1,"DP 11",-0.0165416040526051
"908","in",1,"DP 11",-0.0165416040526051
"Bc50","con",2,"DP 11",0.0290250036358404
"Bc10","in",1,"DP 11",0.0102692532880961
"Bc50","in",2,"DP 11",0.0792529610590575
"Bc10","in",2,"DP 11",0.0080071883158969
"Bc50","in",1,"DP 11",0.0230365763027996
"908","con",3,"DP 11",0.0154461351449042
"Bc50","con",1,"DP 11",0.00820056358163686
"Bc50","con",3,"DP 11",0.0109476173562186
"908","in",2,"DP 82",0
"Bc10","con",2,"DP 82",0
"Bc10","con",3,"DP 82",0
"908","con",2,"DP 82",0.105584603432697
"908","in",3,"DP 82",0.125344654310828
"Bc10","con",1,"DP 82",0
"Bc50","in",3,"DP 82",0.154474074862446
"Bc10","in",3,"DP 82",0.128527955458603
"908","con",1,"DP 82",0
"908","in",1,"DP 82",0.145102388797362
"Bc50","con",2,"DP 82",0.132554169791195
"Bc10","in",1,"DP 82",0.123686914189278
"Bc50","in",2,"DP 82",0.125249392706531
"Bc10","in",2,"DP 82",0
"Bc50","in",1,"DP 82",0.103758454403561
"908","con",3,"DP 82",0.109050721516633
"Bc50","con",1,"DP 82",0.106167139724922
"Bc50","con",3,"DP 82",0
"908","in",2,"DP 68",0
"Bc10","con",2,"DP 68",0
"Bc10","con",3,"DP 68",0
"908","con",2,"DP 68",0
"908","in",3,"DP 68",0
"Bc10","con",1,"DP 68",0
"Bc50","in",3,"DP 68",0
"Bc10","in",3,"DP 68",0
"908","con",1,"DP 68",0
"908","in",1,"DP 68",0
"Bc50","con",2,"DP 68",0
"Bc10","in",1,"DP 68",0
"Bc50","in",2,"DP 68",0
"Bc10","in",2,"DP 68",0
"Bc50","in",1,"DP 68",0
"908","con",3,"DP 68",0
"Bc50","con",1,"DP 68",0
"Bc50","con",3,"DP 68",0
"908","in",2,"DP 69",0
"Bc10","con",2,"DP 69",0
"Bc10","con",3,"DP 69",0
"908","con",2,"DP 69",0
"908","in",3,"DP 69",0
"Bc10","con",1,"DP 69",0
"Bc50","in",3,"DP 69",0
"Bc10","in",3,"DP 69",0
"908","con",1,"DP 69",0
"908","in",1,"DP 69",0
"Bc50","con",2,"DP 69",0
"Bc10","in",1,"DP 69",0
"Bc50","in",2,"DP 69",0
"Bc10","in",2,"DP 69",0
"Bc50","in",1,"DP 69",0
"908","con",3,"DP 69",0
"Bc50","con",1,"DP 69",0
"Bc50","con",3,"DP 69",0
"908","in",2,"DP 70",0
"Bc10","con",2,"DP 70",0
"Bc10","con",3,"DP 70",0
"908","con",2,"DP 70",0
"908","in",3,"DP 70",0
"Bc10","con",1,"DP 70",0
"Bc50","in",3,"DP 70",0
"Bc10","in",3,"DP 70",0
"908","con",1,"DP 70",0
"908","in",1,"DP 70",0
"Bc50","con",2,"DP 70",0
"Bc10","in",1,"DP 70",0
"Bc50","in",2,"DP 70",0
"Bc10","in",2,"DP 70",0
"Bc50","in",1,"DP 70",0
"908","con",3,"DP 70",0
"Bc50","con",1,"DP 70",0
"Bc50","con",3,"DP 70",0
"908","in",2,"DP 73",0
"Bc10","con",2,"DP 73",0
"Bc10","con",3,"DP 73",0
"908","con",2,"DP 73",0
"908","in",3,"DP 73",0
"Bc10","con",1,"DP 73",0
"Bc50","in",3,"DP 73",0
"Bc10","in",3,"DP 73",0
"908","con",1,"DP 73",0
"908","in",1,"DP 73",0
"Bc50","con",2,"DP 73",0
"Bc10","in",1,"DP 73",0
"Bc50","in",2,"DP 73",0
"Bc10","in",2,"DP 73",0
"Bc50","in",1,"DP 73",0
"908","con",3,"DP 73",0
"Bc50","con",1,"DP 73",0
"Bc50","con",3,"DP 73",0
"908","in",2,"DP 71",0
"Bc10","con",2,"DP 71",0
"Bc10","con",3,"DP 71",0
"908","con",2,"DP 71",0
"908","in",3,"DP 71",0
"Bc10","con",1,"DP 71",0
"Bc50","in",3,"DP 71",0
"Bc10","in",3,"DP 71",0
"908","con",1,"DP 71",0
"908","in",1,"DP 71",0
"Bc50","con",2,"DP 71",0
"Bc10","in",1,"DP 71",0
"Bc50","in",2,"DP 71",0
"Bc10","in",2,"DP 71",0
"Bc50","in",1,"DP 71",0
"908","con",3,"DP 71",0
"Bc50","con",1,"DP 71",0
"Bc50","con",3,"DP 71",0
"908","in",2,"DP 72",0
"Bc10","con",2,"DP 72",0
"Bc10","con",3,"DP 72",0
"908","con",2,"DP 72",0
"908","in",3,"DP 72",0
"Bc10","con",1,"DP 72",0
"Bc50","in",3,"DP 72",0
"Bc10","in",3,"DP 72",0
"908","con",1,"DP 72",0
"908","in",1,"DP 72",0
"Bc50","con",2,"DP 72",0
"Bc10","in",1,"DP 72",0
"Bc50","in",2,"DP 72",0
"Bc10","in",2,"DP 72",0
"Bc50","in",1,"DP 72",0
"908","con",3,"DP 72",0
"Bc50","con",1,"DP 72",0
"Bc50","con",3,"DP 72",0
"908","in",2,"DP 74",0
"Bc10","con",2,"DP 74",0
"Bc10","con",3,"DP 74",0
"908","con",2,"DP 74",0
"908","in",3,"DP 74",0
"Bc10","con",1,"DP 74",0
"Bc50","in",3,"DP 74",0
"Bc10","in",3,"DP 74",0
"908","con",1,"DP 74",0
"908","in",1,"DP 74",0
"Bc50","con",2,"DP 74",0
"Bc10","in",1,"DP 74",0
"Bc50","in",2,"DP 74",0
"Bc10","in",2,"DP 74",0
"Bc50","in",1,"DP 74",0
"908","con",3,"DP 74",0
"Bc50","con",1,"DP 74",0
"Bc50","con",3,"DP 74",0
"908","in",2,"DP 75",0
"Bc10","con",2,"DP 75",0
"Bc10","con",3,"DP 75",0
"908","con",2,"DP 75",0
"908","in",3,"DP 75",0
"Bc10","con",1,"DP 75",0
"Bc50","in",3,"DP 75",0
"Bc10","in",3,"DP 75",0
"908","con",1,"DP 75",0
"908","in",1,"DP 75",0
"Bc50","con",2,"DP 75",0
"Bc10","in",1,"DP 75",0
"Bc50","in",2,"DP 75",0
"Bc10","in",2,"DP 75",0
"Bc50","in",1,"DP 75",0
"908","con",3,"DP 75",0
"Bc50","con",1,"DP 75",0
"Bc50","con",3,"DP 75",0
"908","in",2,"DP 76",0
"Bc10","con",2,"DP 76",0
"Bc10","con",3,"DP 76",0
"908","con",2,"DP 76",0
"908","in",3,"DP 76",0
"Bc10","con",1,"DP 76",0
"Bc50","in",3,"DP 76",0
"Bc10","in",3,"DP 76",0
"908","con",1,"DP 76",0
"908","in",1,"DP 76",0
"Bc50","con",2,"DP 76",0
"Bc10","in",1,"DP 76",0
"Bc50","in",2,"DP 76",0
"Bc10","in",2,"DP 76",0
"Bc50","in",1,"DP 76",0
"908","con",3,"DP 76",0
"Bc50","con",1,"DP 76",0
"Bc50","con",3,"DP 76",0
"908","in",2,"DP 77",0
"Bc10","con",2,"DP 77",0
"Bc10","con",3,"DP 77",0
"908","con",2,"DP 77",0
"908","in",3,"DP 77",0
"Bc10","con",1,"DP 77",0
"Bc50","in",3,"DP 77",0
"Bc10","in",3,"DP 77",0
"908","con",1,"DP 77",0
"908","in",1,"DP 77",0
"Bc50","con",2,"DP 77",0
"Bc10","in",1,"DP 77",0
"Bc50","in",2,"DP 77",0
"Bc10","in",2,"DP 77",0
"Bc50","in",1,"DP 77",0
"908","con",3,"DP 77",0
"Bc50","con",1,"DP 77",0
"Bc50","con",3,"DP 77",0
"908","in",2,"DP 81",0
"Bc10","con",2,"DP 81",0
"Bc10","con",3,"DP 81",0
"908","con",2,"DP 81",0
"908","in",3,"DP 81",0
"Bc10","con",1,"DP 81",0
"Bc50","in",3,"DP 81",0
"Bc10","in",3,"DP 81",0
"908","con",1,"DP 81",0
"908","in",1,"DP 81",0
"Bc50","con",2,"DP 81",0
"Bc10","in",1,"DP 81",0
"Bc50","in",2,"DP 81",0
"Bc10","in",2,"DP 81",0
"Bc50","in",1,"DP 81",0
"908","con",3,"DP 81",0
"Bc50","con",1,"DP 81",0
"Bc50","con",3,"DP 81",0
"908","in",2,"DP 78",0
"Bc10","con",2,"DP 78",0
"Bc10","con",3,"DP 78",0
"908","con",2,"DP 78",0
"908","in",3,"DP 78",0
"Bc10","con",1,"DP 78",0
"Bc50","in",3,"DP 78",0
"Bc10","in",3,"DP 78",0
"908","con",1,"DP 78",0
"908","in",1,"DP 78",0
"Bc50","con",2,"DP 78",0
"Bc10","in",1,"DP 78",0
"Bc50","in",2,"DP 78",0
"Bc10","in",2,"DP 78",0
"Bc50","in",1,"DP 78",0
"908","con",3,"DP 78",0
"Bc50","con",1,"DP 78",0
"Bc50","con",3,"DP 78",0
"908","in",2,"DP 79",0
"Bc10","con",2,"DP 79",0
"Bc10","con",3,"DP 79",0
"908","con",2,"DP 79",0
"908","in",3,"DP 79",0
"Bc10","con",1,"DP 79",0
"Bc50","in",3,"DP 79",0
"Bc10","in",3,"DP 79",0
"908","con",1,"DP 79",0
"908","in",1,"DP 79",0
"Bc50","con",2,"DP 79",0
"Bc10","in",1,"DP 79",0
"Bc50","in",2,"DP 79",0
"Bc10","in",2,"DP 79",0
"Bc50","in",1,"DP 79",0
"908","con",3,"DP 79",0
"Bc50","con",1,"DP 79",0
"Bc50","con",3,"DP 79",0
"908","in",2,"DP 80",0
"Bc10","con",2,"DP 80",0
"Bc10","con",3,"DP 80",0
"908","con",2,"DP 80",0
"908","in",3,"DP 80",0
"Bc10","con",1,"DP 80",0
"Bc50","in",3,"DP 80",0
"Bc10","in",3,"DP 80",0
"908","con",1,"DP 80",0
"908","in",1,"DP 80",0
"Bc50","con",2,"DP 80",0
"Bc10","in",1,"DP 80",0
"Bc50","in",2,"DP 80",0
"Bc10","in",2,"DP 80",0
"Bc50","in",1,"DP 80",0
"908","con",3,"DP 80",0
"Bc50","con",1,"DP 80",0
"Bc50","con",3,"DP 80",0
