Day,Hour,Vessel,time,Rep,Acetate,propionate,isobutyrate,Butyrate,isovalerate,valerate
1,16,,1.666666667,1,0.9489,0.11579,0,0.12348,0.04359,0.00534
1,16,,1.666666667,2,0.96144,0.16807,0.02988,0.25346,0.13169,0.06268
1,16,,1.666666667,3,0.86733,0.1102,0.00826,0.13023,0.05423,0.01973
1,16,1,1.666666667,1,0.53214,0.03988,0,0.05484,0.03952,0.0063
1,16,1,1.666666667,2,0.57556,0.0753,0,0.1458,0.07707,0.0128
1,16,1,1.666666667,3,0.63423,0.09206,0.00837,0.16515,0.07504,0.01628
1,16,2,1.666666667,1,0.58775,0.05869,0,0.10401,0.05076,0.01661
1,16,2,1.666666667,2,0.5556,0.05018,0,0.07059,0.04104,0.00214
1,16,2,1.666666667,3,0.60534,0.07364,0.01739,0.13325,0.09326,0.04004
1,16,3,1.666666667,1,0.59259,0.05799,0,0.06037,0.0358,
1,16,3,1.666666667,2,0.64639,0.0952,0.01018,0.17474,0.07528,0.0213
1,16,3,1.666666667,3,0.65584,0.05964,0,0.07269,0.0432,0.00232
1,16,4,1.666666667,1,0.58299,0.08699,0.02212,0.17253,0.10871,0.06882
1,16,4,1.666666667,2,0.57812,0.06781,0,0.1376,0.07034,0.0144
1,16,4,1.666666667,3,0.59419,0.08749,0.02791,0.20531,0.12779,0.0667
1,16,6,1.666666667,1,0.59736,0.05377,,0.07571,0.02706,
1,16,6,1.666666667,2,0.6194,0.06694,0.00282,0.12199,0.05196,0.0085
1,16,6,1.666666667,3,0.57183,0.04081,,0.04742,0.02611,
1,16,7,1.666666667,1,0.62468,0.07286,0,0.11541,0.05965,0.00815
1,16,7,1.666666667,2,0.65101,0.06987,0.00792,0.11806,0.06559,0.01799
1,16,7,1.666666667,3,0.60452,0.04585,0,0.04749,,
1,16,8,1.666666667,1,0.55,0.04882,0,0.07295,0.05581,0.01759
1,16,8,1.666666667,2,0.63695,0.09485,0.02493,0.20735,0.12055,0.08172
1,16,8,1.666666667,3,0.57221,0.05428,0,0.07846,0.04438,0.00734
2,16,1,2.666666667,1,4.94208,1.26352,0.02737,2.04024,0.14825,0.0995
2,16,1,2.666666667,2,5.02292,1.28476,0.02078,2.0502,0.11255,0.07845
2,16,1,2.666666667,3,3.80998,0.97202,0.01071,1.55919,0.10138,0.07127
2,16,2,2.666666667,1,4.80727,1.31078,0.01929,1.92998,0.10188,0.07018
2,16,2,2.666666667,2,5.08004,1.39681,0.02479,2.04768,0.1305,0.08564
2,16,2,2.666666667,3,4.71071,1.30282,0.02295,1.93353,0.10792,0.07383
2,16,3,2.666666667,1,3.2896,0.84661,0,2.19343,0.05717,0.05225
2,16,3,2.666666667,2,3.83601,0.98151,0.03686,2.56864,0.13942,0.11231
2,16,3,2.666666667,3,3.20831,0.7971,0.00057,2.10117,0.0659,0.06608
2,16,4,2.666666667,1,4.49867,1.2331,0.04653,1.85141,0.17784,0.13095
2,16,4,2.666666667,2,4.64356,1.25912,0.01884,1.88396,0.1359,0.07285
2,16,4,2.666666667,3,4.28161,1.17648,0.04467,1.78311,0.19083,0.11926
2,16,6,2.666666667,1,4.81696,1.3051,0.0309,1.38632,0.14737,0.07084
2,16,6,2.666666667,2,5.4854,1.50548,0.04286,1.63798,0.19376,0.08393
2,16,6,2.666666667,3,6.0147,1.64781,0.05724,1.75139,0.21963,0.10558
2,16,7,2.666666667,1,5.26198,1.54825,0.03799,1.55773,0.15617,0.08065
2,16,7,2.666666667,2,5.29499,1.55005,0.03586,1.51461,0.14188,0.06099
2,16,7,2.666666667,3,5.02759,1.48624,0.03965,1.53862,0.16548,0.09331
2,16,8,2.666666667,1,5.51295,1.54641,0.04034,1.78316,0.19204,0.09962
2,16,8,2.666666667,2,5.72524,1.59393,0.04858,1.92906,0.20748,0.10985
2,16,8,2.666666667,3,5.42654,1.50086,0.03896,1.78271,0.17441,0.09052
3,16,1,3.666666667,1,6.68391,1.57867,0.29576,2.6073,0.73939,0.15965
3,16,1,3.666666667,2,7.8799,1.8474,0.35594,3.08502,0.8941,0.21237
3,16,1,3.666666667,3,6.8131,1.63527,0.3178,2.72898,0.80394,0.19595
3,16,2,3.666666667,1,6.47181,1.57872,0.29894,2.51241,0.72539,0.1511
3,16,2,3.666666667,2,6.96131,1.66624,0.33898,2.75657,0.83056,0.1957
3,16,2,3.666666667,3,6.93884,1.7107,0.33272,2.75291,0.81984,0.18939
3,16,3,3.666666667,1,6.22486,1.47689,0.32131,2.58335,0.68911,0.2111
3,16,3,3.666666667,2,6.94949,1.59775,0.3715,2.84348,0.76651,0.23631
3,16,3,3.666666667,3,6.27479,1.47466,0.3367,2.61847,0.70581,0.24126
3,16,4,3.666666667,1,6.97487,1.81024,0.35103,2.75678,0.77415,0.19127
3,16,4,3.666666667,2,6.82256,1.77164,0.3044,2.73101,0.76645,0.18582
3,16,4,3.666666667,3,6.86153,1.78636,0.30989,2.78861,0.78828,0.1956
3,16,6,3.666666667,1,6.94391,1.66823,0.30145,2.73026,0.69516,0.21897
3,16,6,3.666666667,2,6.92208,1.6633,0.28939,2.70022,0.67497,0.18316
3,16,6,3.666666667,3,7.00438,1.66909,0.29126,2.71562,0.65623,0.18747
3,16,7,3.666666667,1,6.33967,1.59264,0.27386,2.2399,0.65381,0.13384
3,16,7,3.666666667,2,6.35552,1.58029,0.27118,2.1797,0.6306,0.12618
3,16,7,3.666666667,3,7.37339,1.87278,0.32663,2.58579,0.7404,0.15047
3,16,8,3.666666667,1,6.87602,1.65053,0.34212,2.58964,0.77585,0.19258
3,16,8,3.666666667,2,6.84035,1.67889,0.34285,2.59962,0.78468,0.19378
3,16,8,3.666666667,3,6.8438,1.67344,0.37213,2.6647,0.82481,0.24645
4,16,1,4.666666667,1,7.72981,1.82601,0.50284,3.13829,1.06066,0.432
4,16,1,4.666666667,2,7.24648,1.72365,0.4805,2.99116,1.01243,0.42868
4,16,1,4.666666667,3,7.54313,1.75119,0.48265,3.07474,1.02447,0.4166
4,16,2,4.666666667,1,6.9002,1.6938,0.51078,3.25006,1.07999,0.42887
4,16,2,4.666666667,2,7.01773,1.73373,0.54155,3.3039,1.16207,0.47653
4,16,2,4.666666667,3,7.05129,1.75088,0.51672,3.28349,1.10469,0.4461
4,16,3,4.666666667,1,6.4642,1.52437,0.57013,3.24195,1.15109,0.58659
4,16,3,4.666666667,2,6.67156,1.57571,0.61837,3.38209,1.20231,0.6153
4,16,3,4.666666667,3,6.88633,1.59866,0.5847,3.37263,1.15989,0.58236
4,16,4,4.666666667,1,6.959,1.93258,0.42849,2.87052,0.98705,0.41676
4,16,4,4.666666667,2,6.45233,1.79787,0.38545,2.63207,0.87862,0.37132
4,16,4,4.666666667,3,6.52928,1.80581,0.37802,2.64539,0.8746,0.35052
4,16,6,4.666666667,1,7.26222,1.76518,0.41456,3.09563,0.91762,0.44495
4,16,6,4.666666667,2,7.33909,1.78384,0.43568,3.15392,0.95586,0.4479
4,16,6,4.666666667,3,7.15931,1.74173,0.41101,3.03915,0.90422,0.44171
4,16,7,4.666666667,1,7.23615,1.68853,0.44322,2.79234,0.92062,0.32222
4,16,7,4.666666667,2,7.8113,1.80107,0.47841,2.98349,0.96861,0.33912
4,16,7,4.666666667,3,7.41283,1.70839,0.45723,2.8618,0.92385,0.32389
4,16,8,4.666666667,1,6.58448,1.7687,0.47427,2.89908,1.00745,0.42995
4,16,8,4.666666667,2,6.23753,1.63046,0.40931,2.59855,0.85304,0.34821
4,16,8,4.666666667,3,6.70989,1.77012,0.44753,2.8822,0.93872,0.38269
7,16,1,7.666666667,1,7.0121,1.98408,0.71432,2.93704,1.35881,0.74134
7,16,1,7.666666667,2,6.76513,1.84329,0.6533,2.76535,1.25444,0.69447
7,16,1,7.666666667,3,7.06912,1.89173,0.69088,2.84699,1.31705,0.72193
7,16,2,7.666666667,1,5.37911,1.41432,0.78411,3.38353,1.43215,1.32458
7,16,2,7.666666667,2,5.26391,1.35345,0.75097,3.24299,1.35617,1.21826
7,16,2,7.666666667,3,5.58067,1.4383,0.81002,3.47417,1.4775,1.3395
7,16,3,7.666666667,1,6.23621,2.11779,0.65132,2.70668,1.2818,0.77543
7,16,3,7.666666667,2,5.71083,1.95324,0.57876,2.46093,1.15315,0.70804
7,16,3,7.666666667,3,6.21305,2.11668,0.64794,2.71992,1.26797,0.73763
7,16,4,7.666666667,1,5.43472,1.30321,0.76733,3.16792,1.23782,1.11509
7,16,4,7.666666667,2,5.30376,1.27971,0.75407,3.14038,1.23501,1.10578
7,16,4,7.666666667,3,5.56838,1.35877,0.79999,3.30439,1.30954,1.14692
7,16,6,7.666666667,1,5.37337,1.5119,0.69661,2.85731,1.29757,1.10661
7,16,6,7.666666667,2,4.85856,1.37227,0.64076,2.58002,1.17737,1.00078
7,16,6,7.666666667,3,6.05982,1.70133,0.78618,3.22577,1.46059,1.24017
7,16,7,7.666666667,1,7.01581,1.22712,0.79733,3.48598,1.42623,0.91222
7,16,7,7.666666667,2,6.91084,1.25197,0.80115,3.51643,1.4675,0.93406
7,16,7,7.666666667,3,6.46901,1.14736,0.72248,3.25093,1.32173,0.88192
7,16,8,7.666666667,1,4.95183,1.4373,0.53087,1.97561,0.9949,0.62234
7,16,8,7.666666667,2,7.09838,2.10566,0.79929,2.90183,1.47071,0.94792
7,16,8,7.666666667,3,6.65643,1.96724,0.76487,2.76141,1.41601,0.91082
8,16,1,8.666666667,1,6.55856,1.76893,0.72712,2.94557,1.36487,0.853
8,16,1,8.666666667,2,6.59016,1.75566,0.73979,2.97002,1.35196,0.85899
8,16,1,8.666666667,3,6.8343,1.82295,0.76097,2.96771,1.36889,0.84267
8,16,2,8.666666667,1,4.73277,1.36802,0.72173,3.03411,1.33879,1.2534
8,16,2,8.666666667,2,4.956,1.41773,0.74525,3.1705,1.35449,1.29744
8,16,2,8.666666667,3,4.85998,1.39183,0.73863,3.03125,1.31607,1.22333
8,16,3,8.666666667,1,6.42639,2.25742,0.68097,2.65836,1.3155,0.7946
8,16,3,8.666666667,2,6.51841,2.33141,0.72816,2.79489,1.37818,0.85362
8,16,3,8.666666667,3,6.01396,2.15216,0.64959,2.55167,1.25251,0.76854
8,16,4,8.666666667,1,5.61234,1.41814,0.80675,3.20831,1.30231,1.17433
8,16,4,8.666666667,2,5.47003,1.38778,0.76617,3.09696,1.2242,1.10848
8,16,4,8.666666667,3,5.72412,1.47392,0.81252,3.27973,1.31267,1.15097
8,16,6,8.666666667,1,5.0332,1.50309,0.70131,2.83608,1.29099,1.16267
8,16,6,8.666666667,2,5.56666,1.65574,0.78201,3.13953,1.42378,1.25075
8,16,6,8.666666667,3,5.60317,1.67625,0.8134,3.20605,1.48015,1.29127
8,16,7,8.666666667,1,6.12309,1.05717,0.74076,3.32334,1.32312,0.88812
8,16,7,8.666666667,2,6.55887,1.13666,0.77542,3.47714,1.39448,0.93111
8,16,7,8.666666667,3,6.5471,1.14829,0.7819,3.54349,1.41057,0.93658
8,16,8,8.666666667,1,5.85149,1.66138,0.67035,2.49474,1.23057,0.92169
8,16,8,8.666666667,2,6.6495,1.90005,0.79561,2.88728,1.43578,1.08438
8,16,8,8.666666667,3,6.35524,1.82819,0.7394,2.71694,1.35969,1.00976
10,8,1,10.33333333,1,6.75792,1.60201,0.72026,3.14334,1.37357,1.07846
10,8,1,10.33333333,2,7.54208,1.80561,0.83146,3.55154,1.55906,1.23165
10,8,1,10.33333333,3,6.85749,1.61979,0.75429,3.18786,1.38935,1.09042
10,8,2,10.33333333,1,5.757,1.43342,0.73999,3.32525,1.41103,1.33573
10,8,2,10.33333333,2,5.77738,1.47903,0.76953,3.38706,1.46799,1.36002
10,8,2,10.33333333,3,5.81249,1.43363,0.73513,3.30392,1.39872,1.33234
10,8,3,10.33333333,1,6.6819,2.06135,0.71296,2.92336,1.3683,0.95936
10,8,3,10.33333333,2,6.71392,2.06361,0.70268,2.89017,1.34243,0.95525
10,8,3,10.33333333,3,6.39197,1.95214,0.65002,2.71801,1.25374,0.89142
10,8,4,10.33333333,1,6.22676,1.40476,0.72503,3.29448,1.25268,1.11065
10,8,4,10.33333333,2,6.14055,1.4023,0.74556,3.30734,1.28776,1.11525
10,8,4,10.33333333,3,6.25801,1.43289,0.76953,3.41002,1.32685,1.16923
10,8,6,10.33333333,1,6.60889,1.75332,0.73301,2.96533,1.40321,1.20106
10,8,6,10.33333333,2,6.55776,1.7406,0.73883,2.98382,1.41991,1.19356
10,8,6,10.33333333,3,6.67427,1.76391,0.73567,2.96879,1.40317,1.18928
10,8,7,10.33333333,1,6.69615,1.02337,0.69333,3.46002,1.33306,0.88833
10,8,7,10.33333333,2,6.84754,1.06793,0.73515,3.60367,1.40011,0.93777
10,8,7,10.33333333,3,6.18587,0.97336,0.6886,3.33468,1.30702,0.88887
10,8,8,10.33333333,1,6.43498,1.58799,0.7091,2.98906,1.35913,1.11912
10,8,8,10.33333333,2,6.69384,1.60955,0.70702,3.00147,1.34144,1.12769
10,8,8,10.33333333,3,6.76597,1.61656,0.72089,3.05754,1.36509,1.13967
10,16,1,10.66666667,1,6.54341,1.54241,0.71397,3.16462,1.35514,1.10862
10,16,1,10.66666667,2,6.70797,1.59268,0.75897,3.31157,1.42718,1.16213
10,16,1,10.66666667,3,6.77875,1.57165,0.72434,3.20181,1.36143,1.12252
10,16,2,10.66666667,1,5.81312,1.41295,0.72908,3.29385,1.36243,1.28749
10,16,2,10.66666667,2,5.46351,1.32919,0.68175,3.09479,1.27435,1.2194
10,16,2,10.66666667,3,5.74543,1.43822,0.77171,3.41959,1.42689,1.33981
10,16,3,10.66666667,1,6.618,2.06235,0.73871,2.95825,1.4135,0.9942
10,16,3,10.66666667,2,6.55688,2.01762,0.71955,2.9103,1.35672,0.96474
10,16,3,10.66666667,3,6.65307,2.04727,0.69785,2.89154,1.33795,0.96029
10,16,4,10.66666667,1,6.1585,1.36483,0.76454,3.48627,1.35603,1.19176
10,16,4,10.66666667,2,6.11714,1.36293,0.74796,3.42586,1.30981,1.14521
10,16,4,10.66666667,3,5.99534,1.33735,0.78505,3.32769,1.27814,1.12007
10,16,6,10.66666667,1,6.81167,1.78941,0.75844,3.02787,1.45674,1.21158
10,16,6,10.66666667,2,6.51276,1.73979,0.73896,2.96169,1.4013,1.17746
10,16,6,10.66666667,3,6.32625,1.66603,0.71188,2.85232,1.3669,1.13215
10,16,7,10.66666667,1,6.64203,1.06149,0.72313,3.52883,1.37913,0.89807
10,16,7,10.66666667,2,6.70241,1.05149,0.71364,3.49663,1.34662,0.88863
10,16,7,10.66666667,3,6.28095,1.00202,0.69332,3.39308,1.31477,0.85255
10,16,8,10.66666667,1,6.49456,1.55547,0.75286,3.17042,1.42636,1.19838
10,16,8,10.66666667,2,6.46655,1.51748,0.68366,2.97922,1.28472,1.0959
10,16,8,10.66666667,3,6.68431,1.58776,0.73834,3.15453,1.40721,1.19353
11,8,1,11.33333333,1,6.62321,1.53664,0.73439,3.27128,1.37035,1.15031
11,8,1,11.33333333,2,6.71775,1.56323,0.73295,3.30746,1.38036,1.15918
11,8,1,11.33333333,3,6.48619,1.54495,0.76292,3.35083,1.45038,1.20562
11,8,2,11.33333333,1,5.77504,1.4319,0.73787,3.31709,1.38713,1.25886
11,8,2,11.33333333,2,5.69857,1.38753,0.69958,3.19841,1.32567,1.21013
11,8,2,11.33333333,3,5.79556,1.43084,0.75518,3.37997,1.4376,1.30864
11,8,3,11.33333333,1,6.82585,2.05488,0.73445,2.92988,1.41142,0.9791
11,8,3,11.33333333,2,6.36073,1.9403,0.72047,2.82277,1.38781,0.94638
11,8,3,11.33333333,3,6.8748,2.09287,0.74647,2.96314,1.44362,0.9958
11,8,4,11.33333333,1,6.21908,1.37511,0.75602,3.43701,1.35402,1.08134
11,8,4,11.33333333,2,5.75646,1.28169,0.70419,3.2369,1.265,0.99938
11,8,4,11.33333333,3,6.50193,1.42725,0.77189,3.54101,1.3953,1.13543
11,8,6,11.33333333,1,6.45386,1.82123,0.75361,2.93764,1.42177,1.13066
11,8,6,11.33333333,2,6.69491,1.82099,0.72641,2.91081,1.37148,1.11174
11,8,6,11.33333333,3,6.75616,1.8861,0.77268,3.02362,1.47039,1.16505
11,8,7,11.33333333,1,6.85813,1.10735,0.68449,3.45546,1.30801,0.78488
11,8,7,11.33333333,2,7.25651,1.17534,0.75942,3.72316,1.43983,0.86633
11,8,7,11.33333333,3,7.19299,1.17388,0.74451,3.70184,1.42985,0.85667
11,8,8,11.33333333,1,6.75123,1.5873,0.80533,3.39773,1.49792,1.22459
11,8,8,11.33333333,2,5.83808,1.3652,0.69113,2.94045,1.30397,1.06504
11,8,8,11.33333333,3,6.53054,1.49969,0.70113,3.11042,1.34041,1.1006
11,16,1,11.66666667,1,6.57579,1.49105,0.73633,3.40955,1.38817,1.18933
11,16,1,11.66666667,2,6.51768,1.46409,0.73113,3.37428,1.36513,1.16538
11,16,1,11.66666667,3,6.24104,1.44421,0.75107,3.39379,1.41114,1.18695
11,16,2,11.66666667,1,5.90403,1.42777,0.73883,3.38388,1.38749,1.28934
11,16,2,11.66666667,2,5.71369,1.4213,0.76974,3.44393,1.44497,1.31743
11,16,2,11.66666667,3,5.87299,1.42879,0.73672,3.4001,1.38939,1.29731
11,16,3,11.66666667,1,7.28515,2.20282,0.86127,3.37722,1.61563,1.12982
11,16,3,11.66666667,2,6.48215,1.39159,0.77108,3.61691,1.39859,1.12265
11,16,3,11.66666667,3,6.76089,2.02749,0.75212,3.02776,1.44125,1.0027
11,16,4,11.66666667,1,6.15412,1.30694,0.74109,3.48822,1.33752,1.07436
11,16,4,11.66666667,2,6.99431,2.07616,0.7592,3.05875,1.43375,1.01508
11,16,4,11.66666667,3,6.50928,1.38155,0.76985,3.61908,1.38991,1.12702
11,16,6,11.66666667,1,6.77666,1.84734,0.73897,3.00347,1.40584,1.12981
11,16,6,11.66666667,2,6.71898,1.81683,0.72123,2.94355,1.36341,1.09581
11,16,6,11.66666667,3,6.602,1.84109,0.77639,3.07009,1.47111,1.15663
11,16,7,11.66666667,1,7.00544,1.19437,0.71055,3.64781,1.34924,0.79329
11,16,7,11.66666667,2,6.59945,1.14929,0.71763,3.55346,1.35184,0.79268
11,16,7,11.66666667,3,6.86028,1.1799,0.71498,3.60477,1.34494,0.78788
11,16,8,11.66666667,1,6.72104,1.55254,0.79092,3.39783,1.49334,1.21834
11,16,8,11.66666667,2,6.54405,1.50887,0.77121,3.32077,1.44112,1.18558
11,16,8,11.66666667,3,6.52256,1.47781,0.73012,3.20504,1.37578,1.13665
12,16,1,12.66666667,1,6.44096,1.47788,0.7809,3.53352,1.45918,1.24306
12,16,1,12.66666667,2,6.38898,1.44807,0.74669,3.42663,1.38574,1.1862
12,16,1,12.66666667,3,6.28379,1.46515,0.78716,3.51145,1.46666,1.22597
12,16,2,12.66666667,1,5.1942,1.23673,0.6495,3.09374,1.23203,1.18976
12,16,2,12.66666667,2,5.22465,1.27242,0.71297,3.27689,1.33726,1.23012
12,16,2,12.66666667,3,5.55578,1.3552,0.75792,3.46605,1.42535,1.32624
12,16,3,12.66666667,1,6.63469,1.9259,0.71686,2.94561,1.34271,0.93801
12,16,3,12.66666667,2,6.42701,1.91869,0.73149,2.97018,1.38766,0.96702
12,16,3,12.66666667,3,6.78424,2.00522,0.78011,3.12613,1.46404,1.02906
12,16,4,12.66666667,1,6.23687,1.32887,0.8107,3.92514,1.46977,1.16101
12,16,4,12.66666667,2,5.95774,1.25272,0.773,3.74796,1.39937,1.10953
12,16,4,12.66666667,3,6.00319,1.28158,0.77539,3.73363,1.38332,1.10525
12,16,6,12.66666667,1,6.57766,1.90299,0.77199,3.16206,1.45265,1.1724
12,16,6,12.66666667,2,6.41973,1.87627,0.78335,3.14257,1.45918,1.15743
12,16,6,12.66666667,3,6.25838,1.79125,0.72253,2.98047,1.36148,1.09594
12,16,7,12.66666667,1,7.12252,1.34364,0.77379,3.85067,1.43476,0.805
12,16,7,12.66666667,2,7.06808,1.35505,0.7613,3.81103,1.418,0.78195
12,16,7,12.66666667,3,7.10281,1.33973,0.75044,3.79278,1.40363,0.77903
12,16,8,12.66666667,1,6.05174,1.38,0.69509,3.08461,1.2974,1.08117
12,16,8,12.66666667,2,6.00508,1.41165,0.75946,3.2495,1.4235,1.15294
12,16,8,12.66666667,3,5.95669,1.42454,0.76747,3.28627,1.4298,1.15899
13,16,1,13.66666667,1,6.34909,1.51107,0.81829,3.72931,1.49783,1.27765
13,16,1,13.66666667,2,6.29141,1.47579,0.77158,3.57768,1.4291,1.23721
13,16,1,13.66666667,3,6.38235,1.50085,0.785,3.6623,1.47313,1.26141
13,16,2,13.66666667,1,5.0187,1.11306,0.76079,3.57575,1.40572,1.31981
13,16,2,13.66666667,2,5.27265,1.16128,0.75813,3.6667,1.44193,1.35378
13,16,2,13.66666667,3,5.43115,1.21448,0.79599,3.78392,1.47785,1.40519
13,16,3,13.66666667,1,6.6853,1.93265,0.82144,3.3716,1.53292,1.09836
13,16,3,13.66666667,2,6.07182,1.77181,0.76362,3.10093,1.39722,1.01015
13,16,3,13.66666667,3,6.72317,1.90896,0.80271,3.30237,1.5,1.08243
13,16,4,13.66666667,1,6.07594,1.24466,0.82419,4.10267,1.45669,1.12751
13,16,4,13.66666667,2,5.91386,1.22504,0.81806,4.02301,1.44195,1.10614
13,16,4,13.66666667,3,5.76145,1.20368,0.78884,3.92108,1.39274,1.06949
13,16,6,13.66666667,1,5.96183,1.75295,0.81333,3.47062,1.50582,1.23555
13,16,6,13.66666667,2,6.1034,1.81196,0.84244,3.58376,1.55743,1.28305
13,16,6,13.66666667,3,6.20677,1.82101,0.82499,3.55193,1.51166,1.25812
13,16,7,13.66666667,1,6.28937,1.33098,0.74543,3.78476,1.37223,0.75916
13,16,7,13.66666667,2,6.95514,1.43461,0.76728,3.9596,1.39797,0.78948
13,16,7,13.66666667,3,6.92507,1.45916,0.77343,4.03005,1.44115,0.81558
13,16,8,13.66666667,1,5.73678,1.35574,0.76177,3.30695,1.42044,1.1494
13,16,8,13.66666667,2,5.96976,1.3919,0.78432,3.38615,1.44379,1.17293
13,16,8,13.66666667,3,6.11923,1.43133,0.78704,3.41418,1.4657,1.19119
14,8,1,14.33333333,1,6.05801,1.44559,0.80835,3.65292,1.4788,1.23113
14,8,1,14.33333333,2,6.21576,1.49239,0.78435,3.6643,1.45806,1.24424
14,8,1,14.33333333,3,6.24928,1.50638,0.82537,3.77592,1.53222,1.30574
14,8,2,14.33333333,1,5.00801,1.20543,0.87707,3.61479,1.50578,1.43601
14,8,2,14.33333333,2,4.9282,1.19108,0.86978,3.59922,1.49793,1.42671
14,8,2,14.33333333,3,4.89626,1.1834,0.86971,3.58079,1.49721,1.42397
14,8,3,14.33333333,1,6.53033,1.99994,0.91793,3.29962,1.59216,1.19059
14,8,3,14.33333333,2,6.09098,1.88433,0.90035,3.21458,1.56489,1.16022
14,8,3,14.33333333,3,6.51778,1.97395,0.90843,3.2436,1.56164,1.17121
14,8,4,14.33333333,1,5.62876,1.31566,0.95086,4.24635,1.53756,1.19702
14,8,4,14.33333333,2,5.52225,1.2756,0.91327,4.11015,1.48675,1.16358
14,8,4,14.33333333,3,5.47729,1.31485,0.97233,4.25083,1.60363,1.22596
14,8,6,14.33333333,1,5.71186,1.87369,0.94149,3.53858,1.59641,1.3387
14,8,6,14.33333333,2,5.4482,1.82005,0.94344,3.51555,1.62691,1.33662
14,8,6,14.33333333,3,5.75054,1.88819,0.94987,3.61321,1.61984,1.3446
14,8,7,14.33333333,1,6.3667,1.49609,0.90759,3.97578,1.54652,1.00517
14,8,7,14.33333333,2,6.34705,1.51281,0.89895,3.93355,1.51347,0.98723
14,8,7,14.33333333,3,6.31072,1.491,0.90508,3.96519,1.52485,0.99273
14,8,8,14.33333333,1,5.73359,1.45348,0.88757,3.37943,1.5095,1.26662
14,8,8,14.33333333,2,5.64067,1.4472,0.87434,3.3498,1.49604,1.2608
14,8,8,14.33333333,3,5.49195,1.44851,0.90748,3.36603,1.52538,1.27395
14,16,1,14.66666667,1,5.86383,1.5055,0.88097,3.55725,1.49321,1.30185
14,16,1,14.66666667,2,5.71846,1.49806,0.86683,3.49519,1.48491,1.29238
14,16,1,14.66666667,3,5.92096,1.53236,0.89068,3.60168,1.52097,1.32739
14,16,2,14.66666667,1,4.96962,1.1879,0.84469,3.55038,1.44381,1.37729
14,16,2,14.66666667,2,4.84779,1.17435,0.85544,3.54662,1.45276,1.37658
14,16,2,14.66666667,3,4.85902,1.18567,0.86487,3.59938,1.46563,1.38815
14,16,3,14.66666667,1,6.04274,1.72343,0.88303,3.44908,1.53845,1.18137
14,16,3,14.66666667,2,6.23334,1.74774,0.9017,3.48388,1.53464,1.18373
14,16,3,14.66666667,3,6.1007,1.71147,0.86741,3.41755,1.50851,1.15693
14,16,4,14.66666667,1,5.16626,1.26484,0.886,4.02561,1.431,1.10162
14,16,4,14.66666667,2,5.23362,1.27115,0.90175,4.03963,1.42745,1.11734
14,16,4,14.66666667,3,5.59265,1.35917,0.93907,4.27901,1.50741,1.16613
14,16,6,14.66666667,1,5.30646,1.81831,0.89387,3.51458,1.52562,1.29054
14,16,6,14.66666667,2,5.4862,1.83799,0.90326,3.5306,1.52002,1.27274
14,16,6,14.66666667,3,5.59039,1.85378,0.90329,3.57124,1.51893,1.29196
14,16,7,14.66666667,1,6.11349,1.46051,0.86129,3.79496,1.46848,0.98783
14,16,7,14.66666667,2,6.33059,1.469,0.8574,3.80337,1.45332,0.98164
14,16,7,14.66666667,3,5.37484,1.29099,0.78292,3.37142,1.31481,0.89735
14,16,8,14.66666667,1,5.40712,1.36534,0.86552,3.40702,1.47073,1.23401
14,16,8,14.66666667,2,5.79239,1.43669,0.9025,3.57648,1.53466,1.28422
14,16,8,14.66666667,3,5.49169,1.40641,0.8941,3.47574,1.52032,1.26012
15,8,1,15.33333333,1,6.30948,1.73791,0.8909,3.7518,1.51659,1.35781
15,8,1,15.33333333,2,6.21598,1.68775,0.87381,3.64574,1.47528,1.31829
15,8,1,15.33333333,3,7.13045,1.98385,1.03672,4.31528,1.76365,1.56438
15,8,2,15.33333333,1,5.88456,1.36881,0.92665,4.01307,1.57766,1.5227
15,8,2,15.33333333,2,5.62178,1.30331,0.89097,3.85494,1.53099,1.45572
15,8,2,15.33333333,3,5.63424,1.3093,0.8758,3.84854,1.50414,1.43885
15,8,3,15.33333333,1,5.84789,1.55366,0.89698,3.93825,1.53577,1.19009
15,8,3,15.33333333,2,5.66141,1.53257,0.86279,3.81601,1.48983,1.16686
15,8,3,15.33333333,3,5.82969,1.55578,0.89466,3.9493,1.53968,1.20894
15,8,4,15.33333333,1,5.79063,1.54952,0.91791,4.35731,1.46205,1.14916
15,8,4,15.33333333,2,5.76003,1.55952,0.93354,4.36776,1.48209,1.13949
15,8,4,15.33333333,3,5.86552,1.5625,0.9232,4.36466,1.46452,1.15339
15,8,6,15.33333333,1,6.01982,2.14925,0.96152,3.88347,1.62073,1.35277
15,8,6,15.33333333,2,6.03323,2.13946,0.91771,3.79024,1.5531,1.32601
15,8,6,15.33333333,3,5.78361,2.07376,0.9141,3.70923,1.52274,1.29546
15,8,7,15.33333333,1,6.51413,1.58493,0.88201,3.92664,1.49466,1.1139
15,8,7,15.33333333,2,6.42005,1.56153,0.86455,3.84291,1.47121,1.09259
15,8,7,15.33333333,3,5.95518,1.4642,0.8308,3.62764,1.39429,1.03071
15,8,8,15.33333333,1,5.8992,1.49671,0.88251,3.70177,1.49843,1.28458
15,8,8,15.33333333,2,5.89007,1.47043,0.86503,3.6654,1.48924,1.27829
15,8,8,15.33333333,3,5.96444,1.50228,0.88204,3.76042,1.50791,1.3058
15,16,1,15.66666667,1,6.74445,1.80963,0.86589,3.80387,1.46176,1.34564
15,16,1,15.66666667,2,6.93489,1.8358,0.84404,3.78374,1.43605,1.34626
15,16,1,15.66666667,3,6.90755,1.85262,0.84287,3.75975,1.43629,1.34125
15,16,2,15.66666667,1,6.03744,1.36474,0.83895,3.88739,1.43399,1.43268
15,16,2,15.66666667,2,6.04194,1.34059,0.84245,3.874,1.41268,1.42118
15,16,2,15.66666667,3,6.00107,1.31681,0.83081,3.79115,1.39732,1.39166
15,16,3,15.66666667,1,6.1474,1.55456,0.88264,4.14048,1.51503,1.19936
15,16,3,15.66666667,2,5.98826,1.5294,0.85006,3.99772,1.45523,1.17444
15,16,3,15.66666667,3,6.3162,1.5646,0.87055,4.14634,1.48428,1.19532
15,16,4,15.66666667,1,6.31067,1.67895,0.89051,4.50362,1.42188,1.16727
15,16,4,15.66666667,2,6.0496,1.63234,0.8787,4.41158,1.40478,1.14163
15,16,4,15.66666667,3,6.32324,1.70244,0.9334,4.63415,1.47349,1.20964
15,16,6,15.66666667,1,6.26317,2.16325,0.86649,4.02585,1.46519,1.32319
15,16,6,15.66666667,2,6.28193,2.22207,0.91819,4.13547,1.53119,1.36621
15,16,6,15.66666667,3,6.5039,2.26062,0.89251,4.17158,1.51485,1.36799
15,16,7,15.66666667,1,7.05941,1.66515,0.85396,4.00456,1.44366,1.16355
15,16,7,15.66666667,2,7.29156,1.70418,0.86928,4.06666,1.46541,1.18638
15,16,7,15.66666667,3,7.0343,1.63082,0.83833,3.90999,1.42048,1.13954
15,16,8,15.66666667,1,6.80334,1.65065,0.87793,4.0394,1.50086,1.37505
15,16,8,15.66666667,2,6.63479,1.60482,0.84303,3.88745,1.43092,1.31525
15,16,8,15.66666667,3,6.4,1.57258,0.83362,3.84747,1.43948,1.31055
16,8,1,16.33333333,1,6.20298,1.77835,0.902,3.8157,1.53303,1.40671
16,8,1,16.33333333,2,6.17787,1.73299,0.87126,3.77527,1.48123,1.38612
16,8,1,16.33333333,3,5.97496,1.69552,0.85761,3.66828,1.45773,1.34331
16,8,2,16.33333333,1,5.44668,1.21447,0.86088,3.84389,1.44643,1.37694
16,8,2,16.33333333,2,5.13149,1.17827,0.84964,3.72092,1.42968,1.35222
16,8,2,16.33333333,3,5.58947,1.25779,0.87622,3.98281,1.4935,1.44817
16,8,3,16.33333333,1,5.91015,1.54796,0.86562,4.14814,1.49421,1.19888
16,8,3,16.33333333,2,6.21261,1.6052,0.90695,4.28444,1.53,1.23264
16,8,3,16.33333333,3,5.84388,1.51128,0.8562,4.06543,1.47199,1.19138
16,8,4,16.33333333,1,6.18979,1.58484,0.93905,4.63363,1.49917,1.16615
16,8,4,16.33333333,2,5.90703,1.54513,0.92043,4.51603,1.47526,1.15583
16,8,4,16.33333333,3,5.93695,1.51705,0.9211,4.47848,1.47779,1.15371
16,8,6,16.33333333,1,5.88606,1.92251,0.8985,4.06322,1.52375,1.37066
16,8,6,16.33333333,2,5.64995,1.87597,0.89,4.01528,1.51853,1.33804
16,8,6,16.33333333,3,6.08549,1.98896,0.92796,4.23477,1.58251,1.41972
16,8,7,16.33333333,1,6.36667,1.5541,0.88166,3.93145,1.48432,1.22711
16,8,7,16.33333333,2,6.52591,1.55834,0.87429,3.96023,1.48249,1.23334
16,8,7,16.33333333,3,6.26891,1.50126,0.8692,3.85428,1.46426,1.21074
16,8,8,16.33333333,1,5.7718,1.46066,0.89041,3.9405,1.52725,1.35941
16,8,8,16.33333333,2,5.77146,1.44954,0.85064,3.84659,1.45006,1.32542
16,8,8,16.33333333,3,5.9271,1.4822,0.88137,3.9691,1.50237,1.36177
16,16,1,16.66666667,1,6.97194,1.74198,0.83426,3.81422,1.41597,1.36922
16,16,1,16.66666667,2,6.86997,1.78402,0.86894,3.89935,1.48483,1.41138
16,16,1,16.66666667,3,7.01379,1.77964,0.85494,3.87107,1.44251,1.38806
16,16,2,16.66666667,1,5.98834,1.27384,0.83262,3.87404,1.41701,1.38036
16,16,2,16.66666667,2,6.29288,1.33664,0.85984,4.06226,1.45074,1.44395
16,16,2,16.66666667,3,6.29373,1.32495,0.85513,4.08525,1.46277,1.44817
16,16,3,16.66666667,1,6.77041,1.56501,0.87049,4.31417,1.48359,1.22452
16,16,3,16.66666667,2,6.48383,1.52767,0.84275,4.20466,1.44687,1.20317
16,16,3,16.66666667,3,6.86978,1.59097,0.87411,4.35553,1.5078,1.24395
16,16,4,16.66666667,1,6.32359,1.54364,0.86995,4.69322,1.41345,1.15928
16,16,4,16.66666667,2,6.61237,1.65333,0.94932,5.0296,1.55758,1.24977
16,16,4,16.66666667,3,6.55823,1.60902,0.92239,4.88084,1.47704,1.18861
16,16,6,16.66666667,1,6.46255,1.95524,0.89034,4.43123,1.50584,1.41095
16,16,6,16.66666667,2,6.06856,1.85545,0.87753,4.26274,1.48099,1.37452
16,16,6,16.66666667,3,6.09646,1.87224,0.87918,4.29081,1.48643,1.39561
16,16,7,16.66666667,1,7.23015,1.61925,0.90003,4.12452,1.53242,1.30745
16,16,7,16.66666667,2,7.23457,1.59425,0.87237,4.04163,1.47118,1.27248
16,16,7,16.66666667,3,7.35032,1.64068,0.94587,4.20968,1.56121,1.31949
16,16,8,16.66666667,1,6.65282,1.51269,0.85228,3.9796,1.43969,1.34626
16,16,8,16.66666667,2,6.47277,1.4967,0.85366,3.95947,1.46692,1.35036
16,16,8,16.66666667,3,6.74603,1.5439,0.86538,4.01242,1.46169,1.36003
17,8,1,17.33333333,1,6.20254,1.6548,0.85483,3.72348,1.452,1.32555
17,8,1,17.33333333,2,6.4455,1.69218,0.85604,3.76802,1.46115,1.32828
17,8,1,17.33333333,3,6.39355,1.69474,0.88927,3.86051,1.51856,1.38178
17,8,2,17.33333333,1,5.64934,1.28003,0.88194,3.96781,1.521,1.37088
17,8,2,17.33333333,2,5.70891,1.25693,0.88073,3.91737,1.49422,1.37519
17,8,2,17.33333333,3,5.66067,1.27122,0.86969,3.89699,1.47062,1.34931
17,8,3,17.33333333,1,6.69778,1.72839,0.93408,4.65693,1.66344,1.34553
17,8,3,17.33333333,2,5.81628,1.51554,0.82953,4.10575,1.49323,1.19767
17,8,3,17.33333333,3,6.01789,1.55144,0.81755,4.14386,1.44904,1.20174
17,8,4,17.33333333,1,5.34961,1.28893,0.78,4.39545,1.32152,1.03854
17,8,4,17.33333333,2,6.45153,1.59822,1.01698,5.49339,1.7295,1.3153
17,8,4,17.33333333,3,5.17147,1.25483,0.76368,4.25647,1.27127,1.01501
17,8,6,17.33333333,1,5.55173,1.75279,0.83877,4.23305,1.47656,1.378
17,8,6,17.33333333,2,4.92519,1.57792,0.75663,3.7918,1.33544,1.25081
17,8,6,17.33333333,3,5.64348,1.78072,0.85872,4.31337,1.513,1.41239
17,8,7,17.33333333,1,6.00858,1.43786,0.79005,3.74654,1.37289,1.16076
17,8,7,17.33333333,2,5.78036,1.3645,0.75501,3.59883,1.31814,1.13201
17,8,7,17.33333333,3,6.70372,1.6195,0.93652,4.34757,1.65452,1.36481
17,8,8,17.33333333,1,5.7999,1.44307,0.82513,3.98474,1.45142,1.34097
17,8,8,17.33333333,2,6.04835,1.50133,0.86629,4.17788,1.52548,1.41493
17,8,8,17.33333333,3,5.89088,1.49847,0.85206,4.07839,1.4891,1.36925
17,16,1,17.66666667,1,6.55789,1.66031,0.79278,3.89404,1.40155,1.31851
17,16,1,17.66666667,2,7.25484,1.84018,0.84751,4.16431,1.48686,1.40637
17,16,1,17.66666667,3,7.17078,1.77866,0.83518,4.11538,1.46305,1.36994
17,16,2,17.66666667,1,7.40465,1.62676,0.98923,4.82078,1.72408,1.62639
17,16,2,17.66666667,2,6.71027,1.458,0.87428,4.34358,1.52888,1.47154
17,16,2,17.66666667,3,6.30086,1.38004,0.82669,4.085,1.52167,1.40317
17,16,3,17.66666667,1,6.7848,1.60958,0.82468,4.32346,1.45584,1.22452
17,16,3,17.66666667,2,6.45032,1.50532,0.77507,4.08456,1.36663,1.14735
17,16,3,17.66666667,3,6.07729,1.45327,0.76305,3.95726,1.35878,1.16816
17,16,4,17.66666667,1,5.68878,1.27697,0.76907,4.58899,1.28648,1.03372
17,16,4,17.66666667,2,6.13953,1.39023,0.82665,4.95141,1.39036,1.11535
17,16,4,17.66666667,3,6.12277,1.39243,0.83464,4.96726,1.37914,1.12402
17,16,6,17.66666667,1,6.08463,1.83124,0.83836,4.50329,1.46511,1.44369
17,16,6,17.66666667,2,6.15336,1.82967,0.84364,4.49658,1.46307,1.41833
17,16,6,17.66666667,3,6.0351,1.81771,0.83164,4.4681,1.45144,1.41101
17,16,7,17.66666667,1,6.21152,1.38245,0.73102,3.49586,1.26298,1.10065
17,16,7,17.66666667,2,7.07856,1.53914,0.82184,3.9571,1.44357,1.25248
17,16,7,17.66666667,3,6.70336,1.47457,0.76656,3.72671,1.34063,1.17434
17,16,8,17.66666667,1,6.33934,1.44613,0.78899,3.96133,1.37768,1.29939
17,16,8,17.66666667,2,6.33583,1.47491,0.82317,4.07077,1.43705,1.34803
17,16,8,17.66666667,3,6.89594,1.60269,0.8675,4.33062,1.50866,1.42019
18,8,1,18.33333333,1,5.44325,1.47335,0.72488,3.48599,1.2757,1.16096
18,8,1,18.33333333,2,6.15291,1.66411,0.81428,3.90563,1.4222,1.29245
18,8,1,18.33333333,3,6.28056,1.66231,0.82132,3.9678,1.45973,1.3123
18,8,2,18.33333333,1,5.83323,1.4437,0.8409,3.8512,1.47918,1.37963
18,8,2,18.33333333,2,6.09241,1.51358,0.87997,4.0137,1.55732,1.44953
18,8,2,18.33333333,3,5.51863,1.38448,0.81048,3.67733,1.43043,1.32389
18,8,3,18.33333333,1,5.73112,1.47439,0.77795,3.90201,1.37538,1.12861
18,8,3,18.33333333,2,6.3604,1.63476,0.84643,4.33362,1.5082,1.21052
18,8,3,18.33333333,3,5.94315,1.5566,0.82912,4.14682,1.47218,1.18884
18,8,4,18.33333333,1,5.64342,1.31787,0.86864,4.78466,1.42602,1.04633
18,8,4,18.33333333,2,5.78672,1.33695,0.89622,4.96567,1.5033,1.0955
18,8,4,18.33333333,3,5.63312,1.29383,0.87976,4.84883,1.4734,1.08906
18,8,6,18.33333333,1,5.39169,1.7509,0.84403,4.16911,1.46349,1.3673
18,8,6,18.33333333,2,5.10393,1.63412,0.77697,3.88647,1.35476,1.28674
18,8,6,18.33333333,3,5.85796,1.88281,0.913,4.50707,1.58777,1.48646
18,8,7,18.33333333,1,6.26207,1.49829,0.81911,3.81618,1.41428,1.20055
18,8,7,18.33333333,2,6.48171,1.55575,0.89101,4.10094,1.57087,1.29518
18,8,7,18.33333333,3,7.18944,1.73347,0.97277,4.43768,1.68057,1.40917
18,8,8,18.33333333,1,6.00822,1.52617,0.87949,4.24941,1.53736,1.39171
18,8,8,18.33333333,2,5.65987,1.379,0.784,3.86971,1.36626,1.25895
18,8,8,18.33333333,3,5.59605,1.3899,0.8108,3.95895,1.44665,1.31316
18,16,1,18.66666667,1,7.0983,1.76317,0.77948,3.96092,1.36244,1.27737
18,16,1,18.66666667,2,6.20046,1.54826,0.69446,3.50973,1.21172,1.12827
18,16,1,18.66666667,3,6.81519,1.7452,0.79691,3.9248,1.38976,1.27249
18,16,2,18.66666667,1,5.95431,1.41659,0.74811,3.51159,1.31134,1.26857
18,16,2,18.66666667,2,6.11251,1.43175,0.73884,3.52947,1.29397,1.2661
18,16,2,18.66666667,3,5.8939,1.39924,0.76397,3.5472,1.35558,1.29444
18,16,3,18.66666667,1,6.2531,1.46735,0.71039,3.83868,1.27784,1.05129
18,16,3,18.66666667,2,6.47017,1.54359,0.76599,4.02713,1.3628,1.12921
18,16,3,18.66666667,3,5.99917,1.40144,0.68736,3.67879,1.21876,1.00928
18,16,4,18.66666667,1,6.71026,1.49098,0.94221,5.55978,1.58947,1.18972
18,16,4,18.66666667,2,5.77249,1.28799,0.80146,4.72603,1.33401,1.01684
18,16,4,18.66666667,3,5.79251,1.26075,0.72923,4.5219,1.1976,0.92982
18,16,6,18.66666667,1,5.45367,1.71182,0.76101,4.08363,1.32589,1.30251
18,16,6,18.66666667,2,6.00461,1.87694,0.86114,4.52378,1.49898,1.44012
18,16,6,18.66666667,3,5.89929,1.84365,0.83216,4.43739,1.45942,1.41436
18,16,7,18.66666667,1,6.45708,1.49731,0.77792,3.6933,1.36609,1.18399
18,16,7,18.66666667,2,6.94215,1.56494,0.79074,3.82239,1.38401,1.20154
18,16,7,18.66666667,3,6.48006,1.49277,0.74815,3.62348,1.30685,1.13443
18,16,8,18.66666667,1,6.33468,1.44832,0.79218,4.01066,1.39926,1.31007
18,16,8,18.66666667,2,6.26937,1.4589,0.7622,3.90278,1.34203,1.25107
18,16,8,18.66666667,3,5.83211,1.38162,0.74119,3.76807,1.31882,1.21875
19,16,1,19.66666667,1,6.464,1.72377,0.88413,4.14163,1.53995,1.32515
19,16,1,19.66666667,2,6.28209,1.66447,0.85155,4.0203,1.49602,1.28936
19,16,1,19.66666667,3,5.76067,1.54336,0.8025,3.80552,1.43273,1.21387
19,16,2,19.66666667,1,5.4488,1.21475,0.83236,3.94018,1.46553,1.35531
19,16,2,19.66666667,2,5.58619,1.25411,0.87353,4.13177,1.55407,1.43019
19,16,2,19.66666667,3,5.40073,1.22264,0.86177,4.0251,1.57031,1.39588
19,16,3,19.66666667,1,5.92135,1.51426,0.80099,4.01224,1.42273,1.11525
19,16,3,19.66666667,2,6.39677,1.65235,0.86642,4.34783,1.55327,1.21569
19,16,3,19.66666667,3,6.20198,1.60525,0.86546,4.25079,1.52217,1.17495
19,16,4,19.66666667,1,5.17815,1.15592,0.77945,4.34191,1.29116,0.88917
19,16,4,19.66666667,2,5.26305,1.16235,0.78147,4.38057,1.2971,0.88676
19,16,4,19.66666667,3,5.36846,1.19423,0.80988,4.49315,1.34427,0.92298
19,16,6,19.66666667,1,5.02484,1.66668,0.84618,4.1625,1.4745,1.38042
19,16,6,19.66666667,2,4.78841,1.61128,0.81414,3.95941,1.40605,1.30972
19,16,6,19.66666667,3,4.90686,1.63552,0.83201,4.02974,1.42478,1.33925
19,16,7,19.66666667,1,5.9045,1.44841,0.80883,3.70794,1.39648,1.18479
19,16,7,19.66666667,2,6.0365,1.47988,0.83982,3.85967,1.4684,1.23629
19,16,7,19.66666667,3,5.89776,1.45294,0.82662,3.76204,1.45311,1.21562
19,16,8,19.66666667,1,5.39073,1.3679,0.82251,3.89007,1.45855,1.31248
19,16,8,19.66666667,2,5.61553,1.41101,0.83618,3.9169,1.44496,1.32069
19,16,8,19.66666667,3,6.67879,1.67808,1.02266,4.75021,1.9166,1.64023
20,16,1,20.66666667,1,5.23812,1.17435,0.84906,3.92064,1.49733,1.32424
20,16,1,20.66666667,2,5.19146,1.14575,0.84847,3.90241,1.57522,1.32549
20,16,1,20.66666667,3,4.85326,1.08721,0.78185,3.63923,1.37897,1.20969
20,16,2,20.66666667,1,5.54861,1.46619,0.77586,3.54005,1.34572,1.08833
20,16,2,20.66666667,2,5.40472,1.44196,0.75666,3.49248,1.30919,1.07681
20,16,2,20.66666667,3,5.39516,1.46703,0.79165,3.62631,1.40287,1.14423
20,16,3,20.66666667,1,5.74559,1.49323,0.8191,4.02513,1.45058,1.02409
20,16,3,20.66666667,2,5.43286,1.42632,0.79063,3.84136,1.38214,0.98135
20,16,3,20.66666667,3,6.04191,1.54905,0.87293,4.22153,1.53624,1.10413
20,16,4,20.66666667,1,5.03968,1.21627,0.87256,4.71872,1.48515,0.93601
20,16,4,20.66666667,2,5.06156,1.19689,0.87985,4.71159,1.45431,0.93259
20,16,4,20.66666667,3,5.20228,1.2345,0.89225,4.85768,1.50921,0.95049
20,16,6,20.66666667,1,4.64605,1.61705,0.89955,4.30807,1.54898,1.38429
20,16,6,20.66666667,2,4.19358,1.45674,0.80564,3.88545,1.404,1.25966
20,16,6,20.66666667,3,4.09759,1.41905,0.80148,3.8522,1.41489,1.24909
20,16,7,20.66666667,1,5.8128,1.40712,0.87357,3.8768,1.53255,1.22092
20,16,7,20.66666667,2,6.20891,1.52835,0.91831,4.0705,1.58759,1.26432
20,16,7,20.66666667,3,6.03753,1.46826,0.88503,3.91313,1.52615,1.21461
20,16,8,20.66666667,1,5.27155,1.38538,0.8373,3.79478,1.45748,1.328
20,16,8,20.66666667,2,5.23561,1.37745,0.84056,3.76394,1.44378,1.32266
20,16,8,20.66666667,3,5.39211,1.41765,0.87385,3.93597,1.52019,1.38074
21,8,1,21.33333333,1,5.55102,1.552,0.82806,3.78941,1.43574,1.12252
21,8,1,21.33333333,2,5.30622,1.49546,0.79401,3.60748,1.36971,1.06736
21,8,1,21.33333333,3,5.30341,1.47288,0.76841,3.57102,1.34815,1.07135
21,8,2,21.33333333,1,5.0933,1.22883,0.83202,3.67349,1.45971,1.27158
21,8,2,21.33333333,2,5.67142,1.33966,0.93494,4.08198,1.63457,1.40636
21,8,2,21.33333333,3,5.25979,1.26163,0.85284,3.79075,1.50819,1.29726
21,8,3,21.33333333,1,6.39576,1.63588,0.96597,4.5235,1.70436,1.15268
21,8,3,21.33333333,2,5.93108,1.53001,0.8561,4.14659,1.5095,1.03723
21,8,3,21.33333333,3,5.91451,1.5514,0.88688,4.21901,1.59286,1.07058
21,8,4,21.33333333,1,4.05228,1.15169,0.9366,4.80837,1.47316,0.93615
21,8,4,21.33333333,2,3.69231,1.1117,0.85831,4.37744,1.33596,0.87473
21,8,4,21.33333333,3,3.50262,1.04652,0.83453,4.15201,1.30683,0.8614
21,8,6,21.33333333,1,3.31593,1.38731,0.86889,3.9013,1.41998,1.2794
21,8,6,21.33333333,2,3.19632,1.34394,0.83281,3.75247,1.3519,1.21963
21,8,6,21.33333333,3,2.9883,1.20933,0.80647,3.38562,1.3235,1.14206
21,8,7,21.33333333,1,4.31115,1.2889,0.85615,3.58829,1.39669,1.16285
21,8,7,21.33333333,2,4.69198,1.37563,0.94712,3.90968,1.55559,1.24286
21,8,7,21.33333333,3,4.37163,1.31343,0.88352,3.67137,1.44886,1.18566
21,8,8,21.33333333,1,3.61439,1.18104,0.83092,3.49071,1.36206,1.27548
21,8,8,21.33333333,2,4.18723,1.38278,0.95705,3.99215,1.5825,1.48209
21,8,8,21.33333333,3,3.74096,1.25478,0.85298,3.55793,1.38815,1.32768
21,16,1,21.66666667,1,4.12031,1.42586,0.7626,3.30832,1.23203,1.05349
21,16,1,21.66666667,2,4.46924,1.57514,0.83752,3.68826,1.34945,1.12976
21,16,1,21.66666667,3,4.9136,1.72515,0.94165,4.0734,1.57313,1.25386
21,16,2,21.66666667,1,4.23693,1.17574,0.82478,3.43246,1.35645,1.2716
21,16,2,21.66666667,2,4.76381,1.34431,0.95868,3.97551,1.58765,1.45466
21,16,2,21.66666667,3,4.26698,1.19612,0.83865,3.50661,1.36761,1.26751
21,16,3,21.66666667,1,4.59559,1.38696,0.82453,3.69381,1.3626,1.00852
21,16,3,21.66666667,2,5.14841,1.55209,0.93747,4.24257,1.54708,1.14935
21,16,3,21.66666667,3,4.54391,1.36337,0.8129,3.64714,1.31974,0.98461
21,16,4,21.66666667,1,4.14114,1.19318,0.8958,4.64971,1.38603,0.93389
21,16,4,21.66666667,2,3.95979,1.11735,0.85167,4.45076,1.34976,0.90641
21,16,4,21.66666667,3,4.07212,1.14959,0.86392,4.57895,1.36972,0.90642
21,16,6,21.66666667,1,3.26628,1.36719,0.86086,3.8574,1.38902,1.23098
21,16,6,21.66666667,2,3.52919,1.50466,0.94713,4.19073,1.52616,1.34736
21,16,6,21.66666667,3,3.28841,1.40111,0.8683,3.87835,1.39875,1.24288
21,16,7,21.66666667,1,4.87949,1.41481,0.92107,3.85612,1.47245,1.21356
21,16,7,21.66666667,2,4.84519,1.35943,0.91035,3.81192,1.47334,1.23853
21,16,7,21.66666667,3,5.21857,1.48762,0.98781,4.15237,1.69646,1.33827
21,16,8,21.66666667,1,4.04839,1.30815,0.81888,3.4942,1.35229,1.30757
21,16,8,21.66666667,2,4.78747,1.52113,0.96414,4.17226,1.57973,1.5247
21,16,8,21.66666667,3,4.53582,1.45852,0.91033,3.87045,1.46092,1.45342
22,8,1,22.33333333,1,4.64936,1.76973,0.92155,4.03075,1.48067,1.28175
22,8,1,22.33333333,2,4.54179,1.72935,0.89916,3.87547,1.43649,1.26521
22,8,1,22.33333333,3,4.83077,1.78229,0.94788,4.11792,1.54757,1.35082
22,8,2,22.33333333,1,4.24432,1.23715,0.82734,3.50838,1.34409,1.25511
22,8,2,22.33333333,2,4.80994,1.42895,0.95586,3.97848,1.62825,1.49034
22,8,2,22.33333333,3,5.15702,1.48896,1.00923,4.2321,1.64742,1.53397
22,8,3,22.33333333,1,4.81189,1.55483,0.8878,4.03144,1.47125,1.09264
22,8,3,22.33333333,2,4.62969,1.46558,0.85884,3.83428,1.39371,1.0755
22,8,3,22.33333333,3,4.65355,1.44781,0.82647,3.80399,1.4103,1.04093
22,8,4,22.33333333,1,4.6066,1.34938,0.95967,5.01845,1.51144,0.96908
22,8,4,22.33333333,2,4.54424,1.34169,0.93748,4.87855,1.47525,0.97889
22,8,4,22.33333333,3,4.58223,1.3172,0.94314,4.90772,1.50151,0.98467
22,8,6,22.33333333,1,3.67319,1.57347,0.97194,4.24071,1.56999,1.356
22,8,6,22.33333333,2,3.79429,1.56808,0.98466,4.3861,1.5976,1.36696
22,8,6,22.33333333,3,3.80109,1.62456,1.0144,4.39317,1.6459,1.44524
22,8,7,22.33333333,1,5.26922,1.54052,0.97015,4.07772,1.57262,1.32193
22,8,7,22.33333333,2,4.90269,1.49782,0.91185,3.8899,1.49617,1.24403
22,8,7,22.33333333,3,4.82758,1.46564,0.9007,3.81563,1.44757,1.21956
22,8,8,22.33333333,1,4.61748,1.55836,0.94668,3.97989,1.53639,1.46929
22,8,8,22.33333333,2,4.34025,1.43732,0.87649,3.68034,1.40391,1.37342
22,8,8,22.33333333,3,5.15776,1.71103,1.08855,4.49571,1.7983,1.72789
22,16,1,22.66666667,1,4.8299,1.86813,0.84191,3.91199,1.35815,1.27237
22,16,1,22.66666667,2,4.82203,1.87456,0.85494,3.94163,1.37085,1.2627
22,16,1,22.66666667,3,5.1473,1.94643,0.89187,4.16924,1.45106,1.35537
22,16,2,22.66666667,1,5.20218,1.44861,0.87914,4.04595,1.45645,1.42253
22,16,2,22.66666667,2,4.93504,1.40564,0.83831,3.78965,1.37513,1.39777
22,16,2,22.66666667,3,5.00069,1.4058,0.85563,3.83508,1.39118,1.41044
22,16,3,22.66666667,1,5.19962,1.70832,1.00165,4.60894,1.67834,1.24547
22,16,3,22.66666667,2,4.69447,1.58205,0.92139,4.16294,1.51314,1.13909
22,16,3,22.66666667,3,5.08724,1.60331,0.96996,4.44372,1.60699,1.18034
22,16,4,22.66666667,1,4.05416,1.15058,0.86892,4.42921,1.35376,0.84831
22,16,4,22.66666667,2,4.4649,1.27763,0.96071,4.89049,1.51953,0.94962
22,16,4,22.66666667,3,4.11134,1.17333,0.86686,4.46346,1.36455,0.85232
22,16,6,22.66666667,1,3.42473,1.47207,0.90344,3.87167,1.44258,1.27339
22,16,6,22.66666667,2,3.8071,1.62826,0.99155,4.289,1.59724,1.4046
22,16,6,22.66666667,3,3.91806,1.66226,1.08385,4.41324,1.73533,1.43261
22,16,7,22.66666667,1,4.55551,1.37342,0.87522,3.71934,1.43432,1.22452
22,16,7,22.66666667,2,4.53435,1.38521,0.86998,3.68526,1.42507,1.21919
22,16,7,22.66666667,3,4.66851,1.41495,0.89803,3.78223,1.44457,1.23979
22,16,8,22.66666667,1,4.8198,1.59728,1.01509,4.29485,1.66037,1.53437
22,16,8,22.66666667,2,4.19743,1.42782,0.881,3.70214,1.44192,1.35768
22,16,8,22.66666667,3,4.60188,1.56689,0.99292,4.09844,1.65,1.53436
23,8,1,23.33333333,1,4.56541,1.70413,0.88155,3.90294,1.48974,1.35408
23,8,1,23.33333333,2,4.46975,1.68767,0.85432,3.80136,1.40602,1.31783
23,8,1,23.33333333,3,4.46212,1.68679,0.85656,3.79706,1.38346,1.30208
23,8,2,23.33333333,1,4.20899,1.32277,0.83807,3.32733,1.36527,1.31951
23,8,2,23.33333333,2,4.84627,1.51429,0.92026,3.8054,1.51172,1.47169
23,8,2,23.33333333,3,4.63412,1.48071,0.88155,3.68504,1.44385,1.39667
23,8,3,23.33333333,1,4.19433,1.42152,0.88147,3.96622,1.46095,1.05043
23,8,3,23.33333333,2,4.46545,1.47448,0.89663,4.07379,1.46997,1.08008
23,8,3,23.33333333,3,4.55258,1.48116,0.97725,4.23904,1.56303,1.13097
23,8,4,23.33333333,1,4.20963,1.16345,0.89078,4.44929,1.43443,0.8705
23,8,4,23.33333333,2,4.26779,1.19614,0.90089,4.50098,1.4342,0.86271
23,8,4,23.33333333,3,4.43127,1.22774,0.93887,4.6672,1.48691,0.89685
23,8,6,23.33333333,1,3.30375,1.43497,0.89273,3.91511,1.43102,1.2673
23,8,6,23.33333333,2,3.48838,1.48528,0.93841,4.08408,1.51381,1.33198
23,8,6,23.33333333,3,3.72511,1.58636,0.99459,4.36502,1.59561,1.40266
23,8,7,23.33333333,1,4.8696,1.49811,1.02164,4.20393,1.65831,1.41571
23,8,7,23.33333333,2,4.71627,1.45721,0.9672,4.00084,1.56214,1.33673
23,8,7,23.33333333,3,4.8152,1.47588,1.01039,4.18481,1.64502,1.38218
23,8,8,23.33333333,1,4.03759,1.35548,0.90578,3.79703,1.47774,1.37104
23,8,8,23.33333333,2,4.01432,1.33239,0.89116,3.68919,1.44569,1.35013
23,8,8,23.33333333,3,4.06689,1.36836,0.90266,3.75575,1.46408,1.3662
23,16,1,23.66666667,1,4.49862,1.68191,0.92353,4.0736,1.51391,1.45403
23,16,1,23.66666667,2,4.8483,1.77255,0.98927,4.37835,1.62144,1.4611
23,16,1,23.66666667,3,4.27158,1.58972,0.87182,3.82243,1.41178,1.27348
23,16,2,23.66666667,1,4.47053,1.44431,0.88222,3.49913,1.46613,1.39524
23,16,2,23.66666667,2,4.0887,1.31376,0.79925,3.12455,1.31399,1.2585
23,16,2,23.66666667,3,3.70225,1.18944,0.73078,2.84576,1.18695,1.14439
23,16,3,23.66666667,1,4.46973,1.45373,0.8378,3.89674,1.39216,1.03361
23,16,3,23.66666667,2,5.15018,1.63428,0.98201,4.57887,1.63201,1.22218
23,16,3,23.66666667,3,4.70639,1.481,0.88314,4.11509,1.4639,1.10655
23,16,4,23.66666667,1,4.84901,1.28847,0.90511,4.70665,1.48511,0.9068
23,16,4,23.66666667,2,4.80028,1.24589,0.89386,4.70193,1.56461,0.89814
23,16,4,23.66666667,3,4.67572,1.26234,0.88007,4.5675,1.38717,0.87938
23,16,6,23.66666667,1,3.14523,1.35505,0.87882,3.94061,1.42099,1.23778
23,16,6,23.66666667,2,3.49948,1.52584,0.9801,4.40267,1.57822,1.38765
23,16,6,23.66666667,3,3.24209,1.4241,0.92798,4.14312,1.51252,1.31801
23,16,7,23.66666667,1,4.88648,1.48573,1.01341,4.33642,1.69554,1.4215
23,16,7,23.66666667,2,4.34695,1.31587,0.89099,3.74033,1.46156,1.26207
23,16,7,23.66666667,3,4.74664,1.40314,0.9662,4.07738,1.59268,1.35658
23,16,8,23.66666667,1,3.95812,1.3578,0.91025,3.7537,1.47248,1.36961
23,16,8,23.66666667,2,3.84704,1.32271,0.87986,3.63972,1.41286,1.32302
23,16,8,23.66666667,3,3.92448,1.31897,0.89144,3.72247,1.47488,1.34098
24,8,1,24.33333333,1,4.31701,1.59479,0.95737,4.09858,1.55629,1.40331
24,8,1,24.33333333,2,4.58545,1.70501,1.0172,4.42127,1.66976,1.44655
24,8,1,24.33333333,3,4.32146,1.56,0.94025,4.04967,1.54167,1.38517
24,8,2,24.33333333,1,4.10917,1.34098,0.88524,3.45307,1.45868,1.3967
24,8,2,24.33333333,2,4.2326,1.39221,0.93484,3.68094,1.54784,1.45741
24,8,2,24.33333333,3,4.12899,1.34422,0.89162,3.49921,1.46336,1.41483
24,8,3,24.33333333,1,4.31888,1.51802,0.8432,3.97077,1.41294,1.05356
24,8,3,24.33333333,2,4.61953,1.55257,0.88102,4.21807,1.49396,1.1333
24,8,3,24.33333333,3,4.90286,1.66767,0.94381,4.45331,1.57289,1.18118
24,8,4,24.33333333,1,4.73525,1.3292,0.96522,4.91237,1.5329,0.96057
24,8,4,24.33333333,2,4.39736,1.2342,0.86893,4.52843,1.39484,0.88937
24,8,4,24.33333333,3,4.39618,1.22303,0.87026,4.49936,1.39283,0.8821
24,8,6,24.33333333,1,4.77986,1.76335,1.01099,4.69487,1.79563,1.45426
24,8,6,24.33333333,2,4.62001,1.70912,1.00185,4.64733,1.78277,1.42168
24,8,6,24.33333333,3,4.85367,1.85771,1.03906,4.91001,1.87197,1.50772
24,8,7,24.33333333,1,6.24761,1.595,1.02615,4.42385,1.82878,1.42333
24,8,7,24.33333333,2,6.72273,1.68066,1.06153,4.59492,1.89572,1.51822
24,8,7,24.33333333,3,6.51,1.64645,1.04598,4.49849,1.86569,1.48045
24,8,8,24.33333333,1,5.74662,1.61322,1.00847,4.41658,1.8232,1.5792
24,8,8,24.33333333,2,5.51542,1.57211,0.98836,4.24419,1.77139,1.52414
24,8,8,24.33333333,3,5.77647,1.63061,1.03905,4.50285,1.87133,1.60239
24,16,1,24.66666667,1,5.87475,1.78505,1.00882,4.48348,1.82782,1.49175
24,16,1,24.66666667,2,6.08093,1.82992,1.01544,4.44377,1.81703,1.50138
24,16,1,24.66666667,3,5.86493,1.77231,0.99505,4.35439,1.77971,1.45304
24,16,2,24.66666667,1,5.86243,1.59693,0.99872,3.93403,1.8308,1.57729
24,16,2,24.66666667,2,5.98306,1.59336,0.99365,4.01448,1.81982,1.59041
24,16,2,24.66666667,3,5.80752,1.61095,0.98587,3.97723,1.79818,1.59959
24,16,3,24.66666667,1,6.19242,1.7578,0.94109,4.57786,1.73107,1.18344
24,16,3,24.66666667,2,6.42799,1.81888,0.99415,4.77151,1.81807,1.25193
24,16,3,24.66666667,3,6.49448,1.83013,0.97213,4.70205,1.7588,1.24435
24,16,4,24.66666667,1,6.65917,1.58144,1.04229,5.51254,1.80994,1.02274
24,16,4,24.66666667,2,6.15888,1.49378,0.98705,5.17633,1.73911,0.9922
24,16,4,24.66666667,3,6.55568,1.55217,1.02841,5.43996,1.78442,1.03087
24,16,6,24.66666667,1,5.51659,2.03312,1.02069,4.91654,1.79167,1.44516
24,16,6,24.66666667,2,5.3391,1.93976,1.00505,4.791,1.77242,1.43035
24,16,6,24.66666667,3,4.61889,1.73657,0.85093,4.08974,1.49124,1.2135
24,16,7,24.66666667,1,7.21562,1.81548,1.01828,4.54613,1.82027,1.50395
24,16,7,24.66666667,2,7.05567,1.79066,1.01872,4.53436,1.85002,1.52497
24,16,7,24.66666667,3,7.18204,1.79205,1.0253,4.62487,1.8617,1.47981
24,16,8,24.66666667,1,6.46753,1.7798,0.99535,4.42252,1.76233,1.59297
24,16,8,24.66666667,2,5.68668,1.5518,0.83727,3.81032,1.4819,1.34932
24,16,8,24.66666667,3,6.00875,1.69507,0.91788,4.14708,1.65838,1.4543
25,8,1,25.33333333,1,7.33569,1.93323,1.0902,4.7547,1.95201,1.62637
25,8,1,25.33333333,2,6.80954,1.83879,1.04137,4.48669,1.90463,1.52817
25,8,1,25.33333333,3,7.43855,2.01331,1.13179,4.90644,2.02689,1.69125
25,8,2,25.33333333,1,6.70398,1.66457,1.0401,4.08313,1.88361,1.66025
25,8,2,25.33333333,2,7.07819,1.76513,1.12687,4.3714,2.01853,1.7659
25,8,2,25.33333333,3,7.18807,1.78257,1.12228,4.39274,2.06463,1.7833
25,8,3,25.33333333,1,7.56742,1.9146,1.08489,5.02412,1.97303,1.3581
25,8,3,25.33333333,2,7.81605,2.01417,1.11525,5.2011,1.991,1.37312
25,8,3,25.33333333,3,7.82198,1.97696,1.10576,5.21414,2.02333,1.39052
25,8,4,25.33333333,1,7.80722,1.68428,1.12595,5.70834,1.96339,1.13448
25,8,4,25.33333333,2,7.63082,1.67222,1.12454,5.67593,1.95961,1.13492
25,8,4,25.33333333,3,8.39391,1.76797,1.20328,6.10711,2.08427,1.18655
25,8,6,25.33333333,1,7.35433,2.52353,1.1284,5.31055,1.97139,1.71811
25,8,6,25.33333333,2,7.13979,2.46208,1.11173,5.17993,1.93313,1.65206
25,8,6,25.33333333,3,7.85314,2.63338,1.18808,5.57076,2.05462,1.78048
25,8,7,25.33333333,1,8.33519,2.11366,1.03362,4.57809,1.83204,1.61813
25,8,7,25.33333333,2,8.67496,2.22124,1.09633,4.8549,1.9707,1.71834
25,8,7,25.33333333,3,8.39903,2.08409,1.02559,4.55006,1.82573,1.61101
25,8,8,25.33333333,1,8.16253,2.18554,1.06479,4.82157,1.92617,1.75178
25,8,8,25.33333333,2,8.08671,2.1584,1.07653,4.76033,1.90204,1.7396
25,8,8,25.33333333,3,8.69844,2.29604,1.12194,5.0698,2.0074,1.83651
25,16,1,25.66666667,1,6.86873,1.62874,1.06625,4.72996,1.90653,1.54905
25,16,1,25.66666667,2,6.89459,1.65727,1.08425,4.85418,1.97871,1.59363
25,16,1,25.66666667,3,6.83549,1.65904,1.10885,4.84911,2.01268,1.60512
25,16,2,25.66666667,1,6.70872,1.74787,1.04649,3.94146,1.88445,1.62637
25,16,2,25.66666667,2,7.06494,1.84111,1.12787,4.16799,2.01483,1.72304
25,16,2,25.66666667,3,5.79193,1.43565,0.86403,3.22314,1.53878,1.32271
25,16,3,25.66666667,1,7.53795,1.69252,1.06345,4.95915,1.92255,1.31238
25,16,3,25.66666667,2,7.20913,1.62276,1.02121,4.76453,1.86565,1.27611
25,16,3,25.66666667,3,7.31323,1.64993,1.01878,4.8083,1.86469,1.29018
25,16,4,25.66666667,1,7.6207,1.45045,1.15607,5.89401,2.01572,1.11136
25,16,4,25.66666667,2,8.15336,1.53124,1.17209,6.10984,2.08536,1.15724
25,16,4,25.66666667,3,7.72671,1.47693,1.14863,5.82325,1.9975,1.12992
25,16,6,25.66666667,1,6.78981,2.26005,1.13415,5.44318,1.99561,1.66799
25,16,6,25.66666667,2,6.68817,2.2151,1.11061,5.30849,1.97437,1.64004
25,16,6,25.66666667,3,6.95685,2.298,1.14945,5.52247,2.07186,1.67769
25,16,7,25.66666667,1,8.64361,2.02627,1.11256,4.92892,2.00724,1.77491
25,16,7,25.66666667,2,8.08955,1.8895,1.03818,4.56868,1.8449,1.63394
25,16,7,25.66666667,3,8.01487,1.87125,1.04014,4.55134,1.96223,1.64962
25,16,8,25.66666667,1,7.86777,1.94942,1.08014,4.93938,1.92528,1.80035
25,16,8,25.66666667,2,6.85729,1.7363,0.9879,4.48998,1.7925,1.61758
25,16,8,25.66666667,3,6.11899,1.53211,0.86293,3.84254,1.49532,1.35541
26,16,1,26.66666667,1,5.44605,1.30121,1.05168,5.06538,1.88719,1.33129
26,16,1,26.66666667,2,5.4694,1.29151,0.99978,4.93808,1.87153,1.30206
26,16,1,26.66666667,3,4.81778,1.13234,0.86878,4.29451,1.5607,1.121
26,16,2,26.66666667,1,5.77278,1.48075,1.03532,4.03824,1.88479,1.64421
26,16,2,26.66666667,2,5.45386,1.36116,0.93988,3.67531,1.6906,1.49914
26,16,2,26.66666667,3,5.76651,1.50945,1.04469,4.06885,1.91545,1.68136
26,16,3,26.66666667,1,6.01413,1.21643,1.00189,4.81231,1.85681,1.17807
26,16,3,26.66666667,2,6.41098,1.26344,1.04468,5.02167,1.95365,1.26483
26,16,3,26.66666667,3,5.95685,1.19236,0.98759,4.73245,1.82007,1.177
26,16,4,26.66666667,1,5.5847,0.95265,1.04648,5.99279,1.88225,0.92999
26,16,4,26.66666667,2,5.89122,1.02093,1.10498,6.39304,1.97903,0.9686
26,16,4,26.66666667,3,5.759,0.99635,1.08038,6.21882,1.9937,0.96624
26,16,6,26.66666667,1,5.69879,1.85467,1.07102,5.41948,1.93547,1.47021
26,16,6,26.66666667,2,5.49937,1.8068,1.08494,5.36221,1.96475,1.47955
26,16,6,26.66666667,3,5.51208,1.83969,1.09196,5.41102,1.95567,1.45578
26,16,7,26.66666667,1,6.80638,1.50298,1.05441,4.65122,1.94601,1.45844
26,16,7,26.66666667,2,6.75998,1.48362,1.03179,4.56257,1.84097,1.42662
26,16,7,26.66666667,3,6.90977,1.53655,1.05106,4.68385,1.90156,1.48267
26,16,8,26.66666667,1,5.17704,1.26734,0.85011,3.96013,1.5244,1.29896
26,16,8,26.66666667,2,5.96219,1.50429,0.98772,4.60469,1.83967,1.50277
26,16,8,26.66666667,3,6.21202,1.49919,1.03353,4.71869,1.83704,1.55799
27,16,1,27.66666667,1,5.57259,1.53908,0.97491,4.49765,1.74552,1.27473
27,16,1,27.66666667,2,6.0942,1.65828,1.05086,4.84813,1.8852,1.40591
27,16,1,27.66666667,3,5.90752,1.55145,1.0301,4.68771,1.85507,1.37053
27,16,2,27.66666667,1,5.0966,1.37769,0.92396,3.48526,1.66471,1.50871
27,16,2,27.66666667,2,5.27677,1.42258,0.9775,3.68712,1.79601,1.59784
27,16,2,27.66666667,3,5.33037,1.48532,0.999,3.78452,1.85634,1.61975
27,16,3,27.66666667,1,6.11837,1.33308,1.0045,4.79098,1.83534,1.18083
27,16,3,27.66666667,2,5.76504,1.24416,0.95452,4.47355,1.71179,1.11363
27,16,3,27.66666667,3,5.79174,1.27464,0.96402,4.54586,1.77967,1.13078
27,16,4,27.66666667,1,4.97186,1.08889,0.9985,5.77023,1.78137,0.87766
27,16,4,27.66666667,2,4.81059,1.03903,0.95529,5.54008,1.71813,0.85378
27,16,4,27.66666667,3,4.62116,0.96979,0.88849,5.10261,1.55187,0.81284
27,16,6,27.66666667,1,4.80766,1.72182,0.98481,4.65077,1.73359,1.32674
27,16,6,27.66666667,2,4.99926,1.77501,0.9999,4.81998,1.79552,1.3568
27,16,6,27.66666667,3,5.29987,1.86283,1.06306,5.05814,1.91341,1.43238
27,16,7,27.66666667,1,6.22455,1.49533,1.012,4.38655,1.83106,1.39036
27,16,7,27.66666667,2,4.81452,1.08718,0.69672,3.095,1.21322,0.91308
27,16,7,27.66666667,3,5.98584,1.41913,0.9473,4.20307,1.73486,1.306
27,16,8,27.66666667,1,5.80261,1.58594,1.05611,4.79146,1.90494,1.62026
27,16,8,27.66666667,2,5.48388,1.46208,1.00759,4.45966,1.80062,1.49622
27,16,8,27.66666667,3,5.53785,1.50493,1.03723,4.66734,1.86609,1.5612
28,8,1,28.33333333,1,5.63579,1.62673,0.96221,4.31343,1.72787,1.32768
28,8,1,28.33333333,2,5.47351,1.55684,0.93881,4.21206,1.68852,1.29595
28,8,1,28.33333333,3,5.85133,1.658,0.98305,4.42942,1.75419,1.35015
28,8,2,28.33333333,1,5.52639,1.48571,0.98364,3.62265,1.77908,1.62623
28,8,2,28.33333333,2,5.37632,1.47652,0.95157,3.53119,1.73668,1.61072
28,8,2,28.33333333,3,5.22953,1.44185,0.97651,3.62956,1.7901,1.59182
28,8,3,28.33333333,1,6.06668,1.34897,0.93889,4.43169,1.72803,1.11893
28,8,3,28.33333333,2,6.54069,1.43093,1.00011,4.75186,1.82394,1.19233
28,8,3,28.33333333,3,5.90665,1.32749,0.95605,4.48043,1.77486,1.14325
28,8,4,28.33333333,1,5.10739,1.27087,1.0714,5.93539,1.8991,1.03474
28,8,4,28.33333333,2,4.99729,1.23144,1.04901,5.8678,1.86008,0.99933
28,8,4,28.33333333,3,4.73709,1.17211,0.9927,5.52405,1.7551,0.94027
28,8,6,28.33333333,1,5.01432,1.83415,1.01251,4.75564,1.81602,1.34175
28,8,6,28.33333333,2,5.36399,1.96203,1.05368,4.96943,1.83086,1.37633
28,8,6,28.33333333,3,4.79821,1.74967,0.94755,4.50718,1.6901,1.26618
28,8,7,28.33333333,1,4.80523,1.36339,0.8045,3.40111,1.24942,1.17975
28,8,7,28.33333333,2,4.771,1.36772,0.80772,3.40904,1.27945,1.17736
28,8,7,28.33333333,3,4.78839,1.38505,0.81682,3.44954,1.27283,1.18988
28,8,8,28.33333333,1,4.21966,1.39115,0.8182,3.57736,1.27544,1.32476
28,8,8,28.33333333,2,4.32375,1.40957,0.82693,3.62687,1.30484,1.32238
28,8,8,28.33333333,3,4.36513,1.40967,0.83127,3.59549,1.2722,1.31494
28,16,1,28.66666667,1,4.2301,1.41191,0.75583,3.27954,1.15744,1.10666
28,16,1,28.66666667,2,4.53745,1.52286,0.80437,3.5036,1.24087,1.17777
28,16,1,28.66666667,3,4.26987,1.43213,0.78362,3.35455,1.20926,1.14631
28,16,2,28.66666667,1,4.2985,1.33529,0.80328,2.91009,1.27889,1.36824
28,16,2,28.66666667,2,4.1946,1.34118,0.79125,2.81376,1.25799,1.33146
28,16,2,28.66666667,3,4.19752,1.33316,0.79069,2.91131,1.26887,1.31142
28,16,3,28.66666667,1,4.58008,1.21615,0.74252,3.47721,1.1923,0.95827
28,16,3,28.66666667,2,4.77233,1.2658,0.7636,3.56523,1.22844,0.96315
28,16,3,28.66666667,3,4.61773,1.22833,0.75686,3.48558,1.20852,0.95676
28,16,4,28.66666667,1,3.94388,1.14038,0.82574,4.54878,1.27042,0.8857
28,16,4,28.66666667,2,3.8959,1.07937,0.82752,4.52866,1.26592,0.8456
28,16,4,28.66666667,3,3.86705,1.12714,0.80574,4.45197,1.24417,0.84498
28,16,6,28.66666667,1,4.06284,1.74678,0.80556,3.64905,1.2519,1.11187
28,16,6,28.66666667,2,4.15766,1.76562,0.82296,3.70444,1.25907,1.10569
28,16,6,28.66666667,3,4.13922,1.74538,0.82684,3.71044,1.26519,1.12585
28,16,7,28.66666667,1,4.85259,1.40439,0.83082,3.49272,1.26982,1.2131
28,16,7,28.66666667,2,4.73825,1.3594,0.80205,3.45111,1.23423,1.15675
28,16,7,28.66666667,3,4.76352,1.41391,0.80913,3.4528,1.2712,1.23154
28,16,8,28.66666667,1,4.26166,1.39925,0.82607,3.60581,1.27482,1.33552
28,16,8,28.66666667,2,4.27368,1.39524,0.82524,3.54146,1.29637,1.33004
28,16,8,28.66666667,3,4.26184,1.39017,0.82621,3.58182,1.2938,1.35321
29,8,1,29.33333333,1,4.96116,1.66272,0.7803,3.35134,1.24281,1.05442
29,8,1,29.33333333,2,4.72934,1.54703,0.73974,3.10413,1.15082,0.9594
29,8,1,29.33333333,3,4.87113,1.62397,0.77981,3.27066,1.21331,1.02256
29,8,2,29.33333333,1,4.73349,1.65049,0.79836,2.75422,1.2622,1.19099
29,8,2,29.33333333,2,4.86003,1.7091,0.82028,2.79221,1.29336,1.24089
29,8,2,29.33333333,3,4.44629,1.5893,0.76165,2.57364,1.17845,1.14312
29,8,3,29.33333333,1,5.25617,1.39057,0.7627,3.30302,1.21157,0.9327
29,8,3,29.33333333,2,5.03994,1.34745,0.74883,3.28686,1.21266,0.93484
29,8,3,29.33333333,3,5.12793,1.37143,0.73565,3.2479,1.18763,0.89926
29,8,4,29.33333333,1,4.34728,1.1739,0.78448,4.15347,1.22106,0.76186
29,8,4,29.33333333,2,4.5095,1.19538,0.81245,4.29582,1.26902,0.79262
29,8,4,29.33333333,3,4.35572,1.15758,0.79027,4.11692,1.19452,0.72903
29,8,6,29.33333333,1,5.00596,2.02451,0.82049,3.36149,1.26143,0.91988
29,8,6,29.33333333,2,4.92099,1.98157,0.78979,3.32979,1.21939,0.91214
29,8,6,29.33333333,3,4.77578,1.97656,0.78879,3.27951,1.21258,0.88883
29,8,7,29.33333333,1,4.98428,1.47563,0.77994,3.33033,1.24026,1.04425
29,8,7,29.33333333,2,5.09824,1.5092,0.80669,3.33655,1.23948,1.08224
29,8,7,29.33333333,3,5.21428,1.52831,0.80481,3.35106,1.25761,1.0881
29,8,8,29.33333333,1,4.16686,1.35074,0.75638,3.25869,1.17315,1.11725
29,8,8,29.33333333,2,4.46468,1.46826,0.80941,3.51374,1.26043,1.20824
29,8,8,29.33333333,3,4.52563,1.4467,0.83439,3.59935,1.30503,1.22332
29,16,1,29.66666667,1,4.69007,1.66992,0.81022,3.52601,1.25211,1.05295
29,16,1,29.66666667,2,4.80783,1.66646,0.81838,3.54524,1.25746,1.07361
29,16,1,29.66666667,3,4.72553,1.65876,0.80211,3.48943,1.24806,1.05944
29,16,2,29.66666667,1,4.55969,1.55564,0.78271,2.83812,1.24229,1.23473
29,16,2,29.66666667,2,4.56757,1.53857,0.78019,2.82154,1.25947,1.21873
29,16,2,29.66666667,3,4.32205,1.47014,0.75307,2.72277,1.16838,1.14513
29,16,3,29.66666667,1,5.05885,1.417,0.77264,3.44111,1.23225,0.96849
29,16,3,29.66666667,2,5.02653,1.39012,0.77514,3.43411,1.21854,0.97135
29,16,3,29.66666667,3,4.99044,1.34387,0.75107,3.41605,1.21061,0.95724
29,16,4,29.66666667,1,4.19902,1.21794,0.7957,4.31062,1.20628,0.74533
29,16,4,29.66666667,2,4.29897,1.21835,0.78909,4.31255,1.21013,0.74143
29,16,4,29.66666667,3,4.24113,1.24902,0.81076,4.4348,1.23639,0.74807
29,16,6,29.66666667,1,4.75844,2.01359,0.80336,3.45358,1.23431,0.852
29,16,6,29.66666667,2,4.82085,2.07861,0.81033,3.52446,1.25569,0.86318
29,16,6,29.66666667,3,4.75974,2.06849,0.81175,3.51117,1.25813,0.86093
29,16,7,29.66666667,1,5.16695,1.50178,0.82955,3.48925,1.29496,1.1341
29,16,7,29.66666667,2,4.58012,1.34663,0.74979,3.102,1.14419,1.00445
29,16,7,29.66666667,3,5.26171,1.49226,0.82936,3.51744,1.29411,1.11607
29,16,8,29.66666667,1,4.53504,1.50402,0.85805,3.76361,1.31917,1.23159
29,16,8,29.66666667,2,4.44355,1.47512,0.83634,3.71779,1.2998,1.21265
29,16,8,29.66666667,3,4.33378,1.43006,0.80518,3.56351,1.26321,1.19663
30,8,1,30.33333333,1,4.53828,1.59029,0.79199,3.58166,1.24494,1.07458
30,8,1,30.33333333,2,4.47077,1.65074,0.81145,3.61284,1.27865,1.07785
30,8,1,30.33333333,3,4.66873,1.70928,0.82209,3.67839,1.29545,1.13248
30,8,2,30.33333333,1,4.23354,1.37197,0.78046,2.90259,1.22268,1.2321
30,8,2,30.33333333,2,4.23249,1.39684,0.79211,2.96044,1.25129,1.23522
30,8,2,30.33333333,3,4.30833,1.4001,0.79871,2.9359,1.27152,1.26879
30,8,3,30.33333333,1,4.8657,1.40164,0.77643,3.51211,1.24633,1.01523
30,8,3,30.33333333,2,4.9568,1.3788,0.77629,3.53938,1.23256,1.01569
30,8,3,30.33333333,3,4.70487,1.35217,0.76017,3.42323,1.19882,0.99051
30,8,4,30.33333333,1,4.16312,1.29966,0.82231,4.44239,1.28805,0.79681
30,8,4,30.33333333,2,4.13664,1.27314,0.80314,4.36608,1.22268,0.76156
30,8,4,30.33333333,3,4.1721,1.31634,0.81481,4.37166,1.23996,0.79188
30,8,6,30.33333333,1,4.76872,2.17151,0.82759,3.64706,1.31693,0.83992
30,8,6,30.33333333,2,4.76781,2.16798,0.83887,3.70028,1.27756,0.84171
30,8,6,30.33333333,3,4.67106,2.07438,0.81566,3.51122,1.23734,0.81686
30,8,7,30.33333333,1,4.96398,1.43196,0.81462,3.47074,1.2626,1.1202
30,8,7,30.33333333,2,5.16266,1.48824,0.83919,3.66813,1.32319,1.16293
30,8,7,30.33333333,3,4.7963,1.38863,0.79805,3.39904,1.24204,1.11575
30,8,8,30.33333333,1,4.41495,1.46654,0.8511,3.80202,1.35762,1.28294
30,8,8,30.33333333,2,4.21363,1.44315,0.84179,3.74544,1.3063,1.23393
30,8,8,30.33333333,3,4.24827,1.44386,0.85163,3.7917,1.33746,1.23517
30,16,1,30.66666667,1,4.71234,1.71932,0.82628,3.7055,1.31305,1.16722
30,16,1,30.66666667,2,4.49652,1.6509,0.80897,3.59135,1.25453,1.13663
30,16,1,30.66666667,3,4.72069,1.70704,0.84212,3.79577,1.30619,1.15716
30,16,2,30.66666667,1,4.42824,1.41178,0.82316,3.12509,1.28405,1.31985
30,16,2,30.66666667,2,4.23255,1.33678,0.80443,2.98149,1.27374,1.29219
30,16,2,30.66666667,3,4.15068,1.35351,0.78909,2.93487,1.27281,1.25913
30,16,3,30.66666667,1,4.73081,1.39366,0.78762,3.47141,1.21893,1.01948
30,16,3,30.66666667,2,4.91761,1.40414,0.7881,3.48705,1.20981,1.03097
30,16,3,30.66666667,3,4.85361,1.40595,0.78268,3.50004,1.2197,1.05202
30,16,4,30.66666667,1,4.21944,1.31169,0.83174,4.44822,1.25743,0.81388
30,16,4,30.66666667,2,4.03132,1.28269,0.80567,4.33581,1.2407,0.79344
30,16,4,30.66666667,3,4.10716,1.33733,0.82265,4.41227,1.26159,0.80153
30,16,6,30.66666667,1,4.69656,2.12659,0.82689,3.6678,1.27164,0.85081
30,16,6,30.66666667,2,4.65352,2.08429,0.81751,3.62441,1.25968,0.84612
30,16,6,30.66666667,3,4.50733,1.9813,0.81144,3.35746,1.26197,0.84319
30,16,7,30.66666667,1,5.01871,1.48634,0.84351,3.59369,1.31495,1.1772
30,16,7,30.66666667,2,4.57947,1.33852,0.76861,3.29217,1.19346,1.08185
30,16,7,30.66666667,3,4.64218,1.34794,0.76643,3.26509,1.17083,1.04358
30,16,8,30.66666667,1,4.03433,1.38099,0.81388,3.64693,1.26576,1.24324
30,16,8,30.66666667,2,4.13418,1.39704,0.82884,3.68506,1.2765,1.24743
30,16,8,30.66666667,3,4.24816,1.40797,0.84709,3.80136,1.31092,1.30293
