number,label,culture,dose,vessel,Ethylene glycol,Boric Acid,Pyruvic acid,Lactic acid,2-Hydroxyisobutyric acid,Hexanoic acid,Glycolic acid,Alanine,2-Hydroxybutyric acid,Oxalic acid,2-Furoic acid,Sarcosine,p-Cresol,beta-Hydroxybutyric acid,4-Hydroxypyridine,Lactamide,N-Methylalanine/2-Aminobutanoic acid,O-Methylphosphate,2-Piperidone,Mimosine,2-Ketoleucine/ketoisoleucine,Valine,alpha-Methylserine,2-Hydroxyisocaproic acid,gamma-Hydroxybutyric acid,Norvaline,Urea,N-Acetylalanine,Octanoic acid,Ethanolamine,Phosphoric acid,Leucine,1-Pyrroline-2-carboxylic acid,Glycerol,Isoleucine/Leucine,Nicotinic acid,Proline,2-Phenylacetic acid,Glycine,Succinic acid,Norleucine,1-Methylhydantoin,Picolinic acid,Methylsuccinic acid,Glyceric acid,Oxamide,Uracil,Itaconic acid,Fumaric acid,Pyrrole -2-carboxylic acid,Serine,6-Methyluracil,Pipecolic acid,4-Methyl-5-thiazoleethanol,Threonine,Tartronic acid,4-Methylcatechol,Mesaconic acid,Glutaric acid,Hydrocinnamic acid,beta-Alanine,Thymine,Indole,Homoserine,Threose/erythrose,Hydroxyprolines (cis-4),"3-Amino-2-piperidone (Ornithine-1,5-lactam)",3-Aminoisobutyric acid,Cytosine,2-Phenylacetamide,Citramalic acid,Mandelic acid,Butyrylglycine,Nicotinamide,Malic acid,Asparagine,Erythritol/Theitol,Acetylsalicylic acid/Salicylic acid,Aspartic acid,Methionine,Hydroxyprolines (trans-4),gamma-Aminobutyric acid,Threonic acid,Pyrogallol,5-Hydroxymethyl-2-furoic acid (Sumiki's acid),Cysteine,2-Hydroxyglutaric acid,Maleamic acid,2-Hydroxyphenylacetic acid,3-Hydroxybenzoic acid,2-Phenylethylamine,4-(2-Hydroxyethyl)phenol ( tyrosol),6-Hydroxynicotinic acid,Trimethyllysine,3-Phenyllactic acid,Phosphoenolpyruvic acid,Alanyl-alanine,3-Hydroxyphenylacetic acid,Anthranilic acid,Glutamic acid,Phenylalanine,5-Aminovaleric acid,4-Hydroxybenzoic acid,4-Hydroxyphenylacetic acid,"1,3-Diaminopropane","2,5-Furandicarboxylic acid",N-Acetylaspartic acid,Homocysteine,Aldopentoses (Ribose),3-(2-Hydroxyphenyl)propanoic acid,4-Amino-3-hydroxybutanoic acid,Phthalic acid,Pentitols (Xylitol),2-Aminoadipic acid,Pentitols (Arabitol),beta-Glycerolphosphate,Tricarballylic acid,3-(3-Hydroxyphenyl)propionic acid,Putrescine,"4,5-Dihydroorotic acid",N-Acetylputrescine,Glycerol 1-phosphate,3-(4-Hydroxyphenyl)propionic acid,3-Hydroxyanthranilic acid,Glutamine,N-Acetylphenylalanine,N-Acetylglutamic acid,Methionine sulfoxide,Prolylglycine,2-Hydroxycinnamic acid,3-Phosphoglyceric acid,Hypoxanthine,Citric acid/isocitric acid,Ornithine,"3,4-Dihydroxybenzoic acid",Glycylglycine OR Cadaverine OR Lysine,Citrulline/Arginine,4-Aminobenzoic acid,Myristic acid or Pentadecanol,Fructose or similar ketohexose,Adenine,Histamine,Vanillylmandelic acid,N-Carbamylglutamic acid,Glucose and other aldohexoses,Pyridoxine,Tryptophol,Erythrose-4-phosphate,Tyramine,Histidine,Lysine,Tyrosine,Hydantoin-5-propionic acid,8-Aminocaprylic acid,Glucosamine,3-Indoleacetic acid,Gly-Pro,N-alpha-Acetylornithine,Pantothenic acid,Gluconic acid or similar sugar acid,Urocanic acid,Xanthine,Palmitic acid,Cysteinylglycine,Kynurenic acid,5-Hydroxylysine/dopamine,Indole-3-propionic acid,Myoinositol,Uric acid,1-Methyltryptophan,Guanine,N-Acetyltyrosine,N1-Methyltryptamine,"1,4-Dihydroxy-2-naphthoic acid",3-Indolelactic acid,Asp-Glu,Spermidine,Tryptophan,Stearic acid,Xanthurenic acid,Cystine,Glucose-6-phosphate or similar,Pseudouridine,Glycylphenylalanine,Myoinositol-2-phosphate,Sphingosine,5-Methoxytryptamine OR Serotonin,Uridine (1st peak),5-Hydroxytryptophan (1st peak),5-Hydroxytryptophan (2nd peak),Uridine (2nd peak),beta-Alanyllysine,Inosine,Alizarin,2'-Deoxyadenosine,Sucrose and similar disaccharides,Adenosine,Glycyltyrosine,Maltose or similar disaccharide,Guanosine,Inosine 5'-monophosphate,Galactinol or similar inositol-sugar adduct,Adenosine-5'-monophosphate,Trehalose-6-phosphate,Tetrasaccharide (Nystose),Melezitose,N-Ethylglycine (1st peak),n-Butylamine,Benzyl alcohol,2-Hydroxyvaleric acid,n-Heptanoic acid,N-Ethylglycine (2nd peak),Siloxanes_1,Diethylene glycol,MSTFA artifact,Siloxanes_2,"1,2-Cyclohexanedione",Pyroglutamic acid,N-Methyl-cis-4-hydroxyproline,Tris,3-Methyloxyindole (1st peak),Barbituric acid,Siloxanes_3,Siloxanes_4,Metanephrine,"5,6 - Dimethylbenzimidazole",3-Methyloxyindole (2nd peak),"1,5-Anhydroglucitol",Hexadecanol,Siloxanes_5,Siloxanes_6,Tryptamine,3-Nitrotyrosine,Siloxanes_7,1-Eicosanol,Siloxanes_8,Siloxanes_9,alpha-Monopalmitin,Siloxanes_10,Xanthosine,Siloxanes_11,Siloxanes_12,alpha-Monostearin,5'-Deoxy-5'-(methylthio) adenosine,Siloxanes_13,Siloxanes_14,Siloxanes_15,Siloxanes_16,Siloxanes_17,Siloxanes_18,Siloxanes_19
1,mG1,mGIFU,fresh,,,21.73878457,19.69925726,26.0016564,15.07669036,21.25028801,20.79801529,26.46389083,18.81519877,19.951575,13.96974625,,,19.60211526,,,21.20123792,,17.53113012,19.99294801,15.5597057,26.31292096,16.72819955,19.94952182,16.09277778,18.68688005,23.60110382,17.10340051,,20.20100154,27.35066725,26.72248421,18.3063243,,26.583631,18.98818539,25.41513986,19.31443499,27.0976899,23.81120857,,17.54146723,16.02917937,,20.38371273,,23.14797951,19.56541637,19.10859592,18.78942539,26.55834657,21.37846315,18.79293642,,26.27057884,,,,,21.15616457,21.04327565,18.98452137,,19.78521617,,17.06418489,22.63145774,21.45534478,18.18783048,15.20223863,18.33757835,13.87123146,,19.55869349,21.1892726,22.78042402,20.84546478,,25.94128654,25.64645005,23.99134823,23.89571672,21.41353496,16.48400467,19.87386611,24.24974735,16.36093279,19.19409554,,,19.18147987,17.14185768,,,19.1610359,,23.08633306,,,26.86426902,26.72793342,24.69152033,,19.66655863,17.09763096,,18.17967102,17.67981682,15.10410729,,17.80391668,19.4360588,18.93600812,17.66583553,20.05555915,19.50323373,,,24.4479243,19.59088853,23.52525638,24.12583469,20.7163305,20.08811663,20.50043831,,17.66751353,,20.28706753,17.35425799,,21.94076057,26.20344143,25.89815498,,20.3168516,20.93635038,16.30709405,16.08277277,18.19122793,23.68565563,,23.22564228,,27.82784742,,,18.09069653,21.64771049,24.46099662,26.74466788,26.23098265,,21.43666986,,18.44249809,22.72895307,22.72895307,,20.55329836,20.71358621,21.90178943,20.2804423,,,22.04143891,,24.37971158,19.62356718,20.24798892,22.7717802,17.40442646,20.93997155,,17.6147961,16.15957574,21.44562112,25.4512446,18.22964969,18.66436742,18.62012673,,20.60349052,20.8334777,20.34665764,18.92903875,21.59787206,19.19057705,,17.53962079,,21.86192139,17.38375491,14.43156289,16.63724751,20.09230163,24.71733017,22.65388354,24.72369859,19.80174467,19.0401693,17.09267457,12.88741103,17.06911406,17.87132774,,18.57181929,,,17.85838174,,,16.51351172,,18.1242526,16.39189805,21.08409209,19.77595422,,27.13946423,25.59648336,13.14481754,18.65732194,16.86913594,17.8315423,,,,,18.32363096,,,22.53337418,17.94998625,19.49503718,16.93399026,17.29294168,20.400943,18.91613021,14.95782756,17.34686862,14.70886834,20.11158272,18.32483099,15.3177659,14.9353032,14.7799245,14.5844928,15.41640171,13.31061278,
2,mG2,mGIFU,fresh,,,21.32186976,19.65889309,25.9523497,15.95299144,20.97482137,19.7965926,26.39673119,18.76812293,20.33144183,,,,18.86521976,,,21.20101052,,17.22845233,19.85680088,15.63750225,26.27744656,16.57787134,20.50481802,18.40167953,18.50445824,23.04672236,16.53377077,16.47963818,20.76440027,27.30443205,26.60076292,17.87454316,18.93986039,26.59305478,18.93310278,25.37319357,18.97140603,27.09274708,23.90349051,,19.53239207,15.76147332,,20.27796841,,23.14011642,19.43053422,19.07371011,17.83407595,26.48844394,21.25729345,18.74229299,,26.20536437,,,20.6532807,,20.81896984,20.87926465,18.68092262,,19.91123836,,16.78570788,22.55002902,20.99920866,18.11564824,15.63109177,17.29286082,14.30826792,21.64096288,19.65707242,20.77113479,22.21800649,19.90712392,,25.84736543,25.20355535,24.18405144,24.30287288,21.20725686,15.3783626,19.64089097,24.1343034,16.39000097,19.88190708,,,18.70658033,16.53897701,,,19.56842006,,23.17050473,,,26.92111086,26.47551023,24.65767406,,19.34067162,17.05810802,,18.08718829,17.65358685,15.79332389,,17.6939361,18.0519152,18.74349987,17.81280404,20.26150616,19.10254988,,,24.36458308,18.11577014,23.17036659,24.04085131,20.93403059,20.03126101,20.77340727,,17.73519901,17.3748527,20.21786424,17.1711377,,21.88976165,26.14778769,25.8434739,,19.95070112,20.90746064,15.99411032,16.15604356,18.93863774,23.57596457,,20.62006676,,27.82467051,,,18.34374092,21.21288878,24.5011395,26.69600775,26.17548875,,21.30425048,,,22.76995141,22.76995141,,21.16442638,20.49469057,21.79929585,20.08446586,,17.84138621,22.2261852,,24.30068484,19.33095188,20.17274856,22.75324144,,20.89554718,,17.71502355,17.2045807,21.36204173,25.39913408,17.88909988,18.03339074,19.47876172,,20.33330934,20.33330934,20.42838573,18.93519095,21.24245774,19.82403576,,17.38378022,,21.93871777,17.25071478,,16.20812002,19.78868648,24.65271704,22.53108323,24.60682543,20.04458222,18.52695765,17.07291765,,16.73085485,17.77155395,,18.35039969,18.15988612,,17.38510406,,,15.79517722,11.9690267,,,20.81896984,19.90882065,,27.21786035,24.22130434,15.50127741,,16.67076688,17.79961048,,,,23.12864416,,,,22.15808758,18.75435907,19.38399743,,16.45394577,,,14.74299356,16.91871186,,17.71507719,,16.35052487,,14.44520888,,13.82127573,,13.04712391
3,mG3,mGIFU,fresh,,,21.54567624,19.74749643,25.71219061,14.6087746,20.96998017,19.72023591,26.31989836,18.25393056,20.0540107,,,,18.45437561,,,21.17752782,,17.03719301,19.56206351,15.38245516,26.34656733,16.49194702,20.23365712,18.31541495,18.75674199,22.87101934,16.70118461,,19.9708586,27.0863616,26.5920561,17.98231403,18.72658738,26.40306329,18.57921648,25.13133116,18.6646313,26.87609228,23.67617027,,18.07840623,15.32762281,,20.11241787,,22.95111322,18.89482368,18.71328917,17.8511085,26.26771293,21.18878622,18.22192691,,26.16992857,,,,,20.91233532,20.28942682,18.38127256,,19.34826349,,16.19583355,22.30307335,20.88036002,18.08594439,15.0537138,18.31418492,,,19.0089948,20.42833768,22.0996345,19.56851284,,25.72985344,24.73054145,23.56318987,23.15821258,21.11582855,15.52202975,19.98700026,23.99595412,16.91488728,18.95595066,,,18.42696902,16.61746747,,,18.79870594,,22.71577561,,,26.61862588,26.48512221,24.44671998,,19.2307335,,,17.86037775,17.42227013,15.37000622,,17.7627778,18.06572641,18.97602144,17.21761697,19.92410064,18.80568405,,,24.16076016,,22.94006962,23.74091221,20.95605563,19.70598667,20.23601069,,18.03210493,17.08677896,19.97571225,17.05596023,,21.77850591,25.97848871,25.85423817,,18.9159523,20.71030954,15.76505295,15.84077792,18.78694918,23.23353469,,23.00020516,,27.74050049,,,18.12162963,21.32136884,24.10486082,26.88757897,26.15173389,,21.05334326,,18.52642282,22.45875303,22.45875303,,19.77762615,20.50985134,21.53514578,19.6802273,,,21.99086639,,24.04570643,20.08864592,19.82320551,22.57332613,16.28583566,20.76858011,,17.46826606,17.98753605,21.07720886,25.1630638,17.43032187,,18.68703047,,,20.59935626,20.00354811,18.56729139,21.12454164,19.22255201,,17.43122825,,21.49979918,16.73517256,13.50046846,16.11748077,19.54503799,24.36378473,22.23677159,24.39105193,20.29676165,18.62837434,16.75104711,,16.63820963,17.2519354,,,,,17.88702422,,,15.89945134,13.033423,18.1455889,,20.91233532,20.49353006,,27.31759761,25.67189856,14.93447411,,16.54070321,17.38531475,,,,22.25485504,,,,21.95732491,16.60295978,18.90866528,,17.08576289,,,15.3868729,,,16.57919807,17.86747181,15.50469487,,14.14593215,,13.0221944,,12.33817925
4,mG4,mGIFU,old,,,20.98902023,20.49603649,25.98654373,16.51469865,21.14083663,20.59190214,26.49384382,18.79998984,20.23793348,14.44740614,13.21689739,,19.54376629,,15.60608707,21.44928922,,17.91956169,19.27758935,15.96981369,26.59884766,16.88003785,20.3999225,18.32264997,19.19931289,,16.91406974,,20.29630795,27.19026074,26.96832048,17.97390473,18.91592897,26.59253303,18.90336703,25.4536958,18.65800223,27.14322775,23.93670272,,19.73037062,17.65911093,,20.54266444,,23.20294225,18.75242312,19.14070997,18.46151542,26.4696611,21.24134255,18.55802079,,26.20174077,25.53890533,,,,21.33400316,20.98752772,18.41194124,,19.80030116,16.43327572,16.43327572,23.05428319,22.5766262,18.47410993,,17.04615415,,21.16247247,19.32534938,20.96713547,22.42200854,20.02740929,,26.58210452,24.69588951,24.01556903,23.15083902,21.66837301,15.64548957,,21.65432835,16.58723547,20.39915273,,,18.65662736,16.82724345,,,19.36516049,,23.26801764,,,26.63932938,26.55973827,24.68122399,,19.66578003,,,,17.64698755,17.48892278,,17.80888878,17.94159787,19.50939036,17.8073675,19.92316497,19.71513418,,,24.39878654,19.99377872,23.29540252,24.02219872,21.29257384,20.60336827,17.40458445,,17.53868911,17.38453082,20.41187816,16.75092938,,21.68978475,26.19026074,25.66318485,,,21.00615552,16.33047927,,24.63423193,23.24606629,,23.05490567,,27.55497114,,,18.79726572,21.6851791,24.4838801,26.90437829,26.21819273,,21.29753372,18.394492,,22.39192505,22.39192505,,21.15053196,20.42600159,21.82088401,20.11194179,,,22.44211914,,24.30321964,19.67476985,19.98168991,22.79020012,16.84826838,20.70092902,,17.38095985,19.35020543,21.31134477,25.47820931,18.44268437,18.58932197,,,20.06244805,20.80078617,19.80618457,19.06497953,20.92808097,20.48914531,,17.49132858,,21.81069126,17.26359015,12.93350625,15.56185474,19.81692427,24.67338273,22.33332053,24.65605879,21.56652189,18.58501387,17.08531684,13.6635581,16.87874545,17.69300364,,18.18935164,,,18.20189417,,,15.87809882,12.23212108,,,21.33400316,19.43667698,,27.45677415,23.63899838,18.43874313,,,17.62009809,,,23.25991419,23.34162849,,,,22.49411336,17.1956029,19.27948136,,16.29953001,19.8322565,,,15.64636182,,19.71971969,17.87226606,14.4557125,,13.21780627,,14.1908278,,13.97055531
5,mG5,mGIFU,old,,,20.40480375,20.4231036,25.82541397,14.546171,20.3991183,19.812815,26.35025044,18.46055588,20.16379829,,,,18.43055872,,,21.19443706,,17.29461178,19.03398214,15.36029843,26.39089142,16.77807713,20.23458357,18.28940655,18.61229619,20.59908834,16.78904961,,19.91891418,27.37755382,26.54967426,17.51069464,18.82204484,26.35590577,18.54849081,25.14452969,18.73158421,26.9098369,23.63880742,,17.29501554,15.62036303,,20.31089897,,23.014476,18.60127388,18.91730506,17.45421092,26.32222558,21.29994526,18.19547794,14.67253584,26.13059034,,,20.43975887,15.41452008,21.05812586,20.3773959,18.57888492,,20.07104461,15.67788478,15.7554353,22.83765661,21.56975596,18.14988602,,17.06302635,,,19.0319596,20.91111472,22.03258052,19.65813825,,26.79330704,24.54257902,23.64323648,23.19906931,21.03007167,15.64032968,20.07234984,21.48830452,16.03876899,19.19626592,,,18.43301892,16.72402083,,,19.05405046,,23.05433984,,,26.69769793,26.47821971,24.43547659,,19.67783317,,,,17.59377042,16.19861769,,17.73035736,19.16045497,19.25567176,17.39118484,19.6373855,19.87209769,,,24.16910973,19.15969152,22.63811857,23.78656388,20.37224549,19.62999866,18.0662101,,17.08169147,17.42700996,19.91438367,16.54055187,,21.3108729,25.97172785,25.54670571,,20.0027134,20.80845205,16.10375907,16.00088028,24.77516999,23.02978059,,22.79744662,,27.52847475,,,17.36697101,21.0949037,24.09688868,26.64149325,26.08403168,,20.91031481,18.03203496,18.80203035,22.01922387,18.14483248,,20.81593595,20.14016573,21.52884038,19.60174178,,,22.31094999,,24.0987855,18.82782026,19.76677637,22.50709753,,21.00131816,,17.46270196,18.99735041,21.14320133,25.29619724,,,,18.63157142,18.69846729,20.43176793,19.80989841,18.72266747,20.68578308,20.13363392,,18.02966468,,21.60620729,17.12357584,12.41917017,,19.49687133,24.44969086,22.17040189,24.40882792,21.53857592,17.64810475,16.88835085,,16.50186828,17.23805014,,16.61900198,,,17.90320519,,,16.71325225,11.47522678,17.89299335,,21.05812586,19.39748872,,27.30054666,24.81736108,,,16.24879853,17.47829564,,,23.22617741,22.67983442,,,,21.37353269,,19.02109384,,16.24080996,,,,15.82865717,,18.17142605,18.80450919,16.21255338,,14.40753333,,14.10991225,,12.8135808
6,mG6,mGIFU,old,,,20.69458149,20.94621594,26.07435889,15.25587688,21.12994076,20.38653194,26.46474271,18.99233262,20.4451533,12.57908018,,,19.91920232,,15.99592169,21.30587806,,19.07504297,19.75666545,16.08791858,26.38497621,16.80882595,20.61492008,18.95091751,18.63573583,23.98080045,17.04181955,17.12108827,20.16304767,27.31655974,26.92511549,18.36656981,19.28633666,26.63642276,15.68868742,25.37592687,19.46867376,27.10665425,23.90014128,,19.58794229,15.48696069,,20.64691638,,23.54947635,18.63069373,19.13124405,17.76341339,26.49906341,21.58573232,18.5965574,15.17254471,26.26387618,23.76704249,,20.72864548,,21.22887035,20.83349623,18.91070421,,19.61135806,17.36499811,17.91345044,22.84904367,21.47405694,18.24633237,14.54115713,17.17371617,,,19.78406287,20.82838445,22.23878548,20.32639437,,26.369248,24.88080667,24.25396402,24.34151835,21.72621691,15.54384746,,21.55818245,16.56289826,19.32174317,,,19.0873437,17.1755398,,,19.26958786,,23.5082045,,,26.84032189,26.66219452,24.69919784,,19.30765443,,,,17.76464486,17.51510691,,17.82093308,18.56762934,19.79358267,18.78512995,20.31245203,20.08587179,,,24.42957575,19.97024073,23.23433798,24.04468827,21.15368809,16.56642573,17.66537062,,17.91368417,17.71853957,20.41891599,17.22658153,,21.9481551,26.35774344,25.63821634,,22.39661602,20.97297698,17.19698626,16.5315033,25.23290698,23.87202355,,23.7916178,18.35106431,27.7220189,,,18.68039387,21.85830699,24.54146693,26.71778636,26.27754097,,21.42496894,,,22.42675051,22.42675051,,21.40458341,20.66504006,21.93135612,19.61825823,,,23.00399238,,24.42418801,22.25068876,20.36739875,22.95587158,18.35929916,21.23356643,,17.87067777,19.44380759,21.52175713,25.5983443,,,,17.80750587,19.06362417,20.9071408,19.9538824,19.30977386,21.02136974,20.8350928,,17.89100638,,21.97785287,17.64364484,,17.36940139,20.05564785,25.01111091,22.49796023,24.74777043,21.38851767,18.70661068,17.44438405,,16.74384827,17.9229618,,18.45615786,,,17.69863685,,,15.88056405,13.29662947,,,21.22887035,20.27237008,,26.99758861,23.38416479,,,16.97179051,17.90196284,,,23.53215197,22.81703302,,,,22.64434745,,19.85705916,,16.68917902,,,15.88006177,,,17.40209606,18.53617131,14.75822321,,14.79993927,,,,
7,F01,bioreactor,0,1,16.67765083,,15.55095716,16.62167988,16.22554638,25.35356462,20.87332996,21.31824379,16.71521128,20.71783788,15.05816088,16.44511187,17.31752744,19.27725788,15.92007367,16.01780885,15.45850274,14.06432175,21.9227938,19.49603649,,18.30811235,15.7023621,20.20747076,16.58198022,14.45179065,23.12384813,17.76186933,,15.77877017,27.77172166,17.86551581,19.28013414,19.41830353,17.24218789,21.17321536,20.07306022,25.22661684,21.66136973,15.49869341,,16.15738641,16.0755836,16.31368022,14.52110964,,20.99426987,17.7156336,19.05733603,16.3735619,18.73270073,21.08585494,19.23142511,,18.41074531,16.82796288,12.79644526,19.70416708,20.11254005,24.63161343,17.04782685,19.86325919,16.21564675,17.1238486,,14.3469292,19.7975048,19.04412459,17.07761896,13.6022349,,,21.01193357,15.86913594,,19.95248817,,14.84598001,19.78208959,17.94013004,19.04060277,25.99709545,,15.93479659,,20.11637823,19.03354937,19.05862598,17.45154115,,23.42256734,17.88744673,16.47785311,19.6788494,,,,14.49660415,,22.56222286,19.16410408,27.46801108,,19.8326181,18.22011377,17.9941711,,,16.36168681,,,16.81634621,,16.47818502,,19.63611301,,,24.8409643,,19.33874291,23.30392383,23.1817507,,17.47093685,19.69434598,20.27176392,,19.51868197,17.83543364,16.86657865,,16.69205695,15.6635859,17.62164412,20.9958527,,17.16978802,18.84622799,,17.65448919,,20.45072597,17.17392108,19.99344014,23.43307841,,,26.04189491,,20.02913892,20.59203814,,17.69273808,,21.00020636,17.32362656,17.02547484,18.82057788,,,16.28046269,18.46463349,,,20.11805391,17.87732608,,16.96535592,,17.44250619,16.30623974,19.21484558,,,,18.97975452,23.0721578,16.42557653,,,15.92643499,,,18.67169309,,18.67743405,,17.72837893,,,14.94411722,,,,16.06682499,18.08529091,,15.85943772,17.21610165,,,,,15.62881574,,,12.84627391,17.08411286,17.97112251,18.87277106,13.05443474,15.94022182,,18.69017194,14.8042823,20.10791049,19.93848843,,17.66627255,,16.58286233,,16.02312624,,,14.44727698,,22.81296753,16.3034597,,,,16.15969398,17.51486813,,15.35538551,,13.53393803,,14.4169954,,16.36411755,,14.62827465,,14.48928351,,,,
8,F02,bioreactor,0,2,,,15.38252271,16.04262125,16.39994544,25.4320905,22.00075343,20.90636584,17.84278,20.25378287,14.52997951,15.92139932,16.59111323,19.36144051,15.91052562,16.5557275,15.38640142,13.65463603,21.42904094,19.26015231,,18.08961599,15.82463561,20.33653816,18.06660429,14.22007597,21.89643958,17.26947372,14.06894618,15.96305411,27.70653337,17.35269005,19.11239878,19.39337998,16.74091386,21.66263882,19.07721473,25.41147608,20.60123851,14.47889599,,16.16853502,14.71526492,16.15444236,12.08381171,13.30833903,20.77798165,17.69384764,19.51939822,17.05678587,18.07963582,20.89199057,18.59560351,,18.00119375,,,19.33359215,19.78060224,22.35930131,16.96595334,17.75867216,16.42714913,16.9305641,,15.21935762,19.6612475,19.02351072,16.09259199,,,,,15.71440652,,20.51585573,17.47848525,14.64751464,19.38412394,17.58303133,18.33543833,26.25576311,,16.05231332,,20.10565151,19.1816303,18.51529174,,,24.161935,17.39795868,17.35193131,19.21420052,15.04533307,,,,,21.72947014,18.71892748,27.22304313,,19.63074527,,,,,16.34767327,,15.44740614,17.56762934,,17.02449041,,19.52616871,,,24.92544528,,18.83904382,23.72313543,21.22553402,,15.41161029,19.58968223,19.08809981,,19.04127948,17.04263194,17.0308934,18.60316993,16.25453042,16.74909687,16.98546396,21.04987447,,17.01827626,17.15331452,,17.71044324,17.76651597,21.82272875,,18.95299144,23.35044407,17.26071743,,26.09483651,,19.37540858,19.32210419,21.23382093,17.61500453,,20.44725277,18.2083201,17.48322534,18.81977993,,,16.31461865,18.97497747,,,18.75575149,16.35617683,,17.29459383,,17.16121063,15.99061368,18.83328852,17.38378022,,,18.52212173,22.89802525,16.30399474,,,,,17.36031558,17.90512254,,17.58956337,,,,,,,,,,16.8726869,,14.21735191,16.49390235,,,,,15.06044263,,,,15.64298242,17.98626982,19.23294316,,16.40311191,,18.17470141,15.19364086,22.35930131,19.53772649,17.47848525,17.38411762,,,,15.2729942,,,14.24607253,,23.0176551,15.68945205,,19.89303188,,15.34935035,17.20343404,,14.55776284,,,,14.81127434,,17.71443336,,13.79948401,,13.84107288,,13.924163,,12.82217246
9,F04,bioreactor,0,4,17.13268046,,15.39937807,16.68598065,16.07662773,25.46233739,21.35691776,20.68325423,18.931583,20.4234863,14.58437535,14.98214688,17.12078462,19.49558767,15.89064428,16.56875775,16.51206142,13.93994645,22.3151139,19.70431739,,17.76121358,16.20466666,20.6756263,18.22686372,14.59093786,21.23043448,17.31013346,16.14190756,15.81019505,27.87412027,16.79000479,19.35384033,19.28246858,16.52409784,19.64988416,20.02706501,24.84270252,20.55119192,14.7194423,,16.00750914,15.26876128,17.48453185,14.57613001,,20.56629658,17.76558395,19.1601521,16.50475693,18.40092945,20.86997482,18.85889162,15.02319123,18.37601089,,13.84803604,19.16979291,19.75849325,25.2578392,17.4046094,19.85581595,16.74785206,17.41054244,,14.29490788,19.77698877,19.58917199,15.65882512,,,,,15.66511381,,20.08711576,,14.60536376,19.60570015,17.49990037,19.32925983,25.68169393,,17.51382011,,20.3578752,19.09584254,18.45866293,,16.78428977,23.26740165,18.19297662,16.94345345,19.51632715,14.99254009,,,,,22.35989403,19.53659631,27.33731221,,18.94858111,19.10436072,,16.1772638,,16.51574603,14.56474493,16.37315403,17.83249448,,15.75486141,,19.68120581,,16.44843899,24.31632974,,18.51583841,24.13101148,23.68680153,,17.05265295,19.57658583,18.38440435,,20.03601125,17.23493902,16.50948122,,17.03502458,17.39262768,17.25188918,21.40012061,,17.16701625,18.30747655,,17.8331001,,20.39920803,16.40132954,19.17084684,23.18758254,17.03974373,,26.13995318,,19.69981473,20.31365586,,17.8783144,,19.84665191,17.66439173,17.2280201,18.50176722,,14.39030333,15.70330881,18.24804337,,,21.06195783,19.03554015,,,,17.27194625,16.35731144,20.08359229,,,,18.654664,23.07803676,16.98124394,,,16.18648183,,16.42388736,16.77945006,,19.45444791,,17.38041033,,,14.67375074,,,,,16.73825063,,16.25303493,16.11774455,,,,,14.6507152,16.54241223,,,17.72612501,20.13401262,18.8517216,,14.94800213,,18.55627029,,22.27123076,19.29040815,17.08155625,17.18071533,,,16.5891098,15.29935114,13.89595389,15.17309151,,,22.90570742,15.94781955,18.86278565,22.85432664,,16.45273994,17.45172627,16.36589522,15.08214904,,15.35014498,,14.66283524,14.85579314,18.49633498,,14.78647385,12.80413102,14.24257869,10.54012804,13.57246339,,12.84568606
10,F06,bioreactor,0,6,17.37832873,,17.10587782,15.96628013,16.0722373,24.7676909,20.93522117,20.64938776,16.93122228,20.44434158,15.6025249,14.71740868,16.70575387,17.91503906,16.1074623,16.44210116,16.15014393,13.27117119,21.61980668,19.36009263,,17.86755627,15.92348998,20.76226037,17.43262345,14.81082264,23.38481075,17.38771445,13.44462669,15.49056888,27.61300588,18.06439017,18.80486837,19.63156254,16.20733849,21.10365087,19.98714325,24.32786152,19.91441579,14.71059122,,15.8759173,14.760616,15.65284497,14.92939712,,20.35634557,17.56370275,18.96701231,16.52212173,18.07431397,20.63369681,18.81795795,14.19898212,17.62034871,,,19.32631098,19.51388948,25.03594587,18.91364035,19.65070469,16.78038598,16.86895515,,,,20.28023498,16.7257124,,17.92357123,,19.34717366,15.65458009,,19.85724448,,14.60935191,19.11397103,17.02562623,18.96942306,26.14318338,,16.3990943,,20.04459823,19.39534167,18.58786174,,17.31615777,24.02146725,17.47110361,17.31615777,19.0475766,13.59304091,,,,16.29055889,22.06612106,19.82182535,27.09020591,,20.2086797,18.77194398,13.98459647,,,16.49019279,,,17.44633217,,15.90761833,,19.12869419,,,25.68247717,17.1778672,20.03227716,23.26791495,23.461948,,16.58692773,,17.6650791,,19.43255617,16.91102911,16.75322981,,16.6756263,16.02676116,17.13490757,20.69621111,,16.98151154,18.32790345,,18.23124462,16.63107756,20.01568455,16.49133641,19.42703247,23.07161686,17.29191711,,26.03623634,,18.75305675,19.67379559,,17.4252323,,18.42305024,16.86448845,17.52997951,18.0854569,,,15.57237457,17.61451575,,,19.55023198,22.5758725,,16.86286736,,17.11018761,15.7092454,19.42631185,18.14989594,16.38453082,,18.78599836,22.95016144,15.99284985,,,,,15.32157583,17.99860145,,19.36325785,,17.07460143,,,14.56254057,,,,,16.41617076,,14.3337843,15.8343229,,,,,,,,,,19.54434756,18.31943398,13.14847658,15.02665311,,18.23485952,14.58178903,20.09020936,19.27038202,,16.31245757,,,,15.6414591,14.23691111,,,20.05233985,22.82116476,15.84372481,,19.93734652,,15.79055214,17.16233232,15.5604224,14.85516048,18.08816711,13.86544331,,,13.80039438,18.81027665,,14.31118066,,14.42953751,,14.7926378,,12.62021983
11,F07,bioreactor,0,7,,,15.56849057,16.77254655,16.66954946,24.56965869,20.86484282,22.18443439,17.9867309,20.42993383,15.14879432,16.3563488,17.60240891,17.91166116,16.26169094,17.58112701,17.49261995,14.40061264,21.44158053,19.77151204,,18.96613928,16.84680033,20.02157781,17.05186742,15.70894915,22.24768244,17.68814784,,16.20220037,27.58915614,18.74875957,19.20281255,19.25566946,17.01677565,22.21381383,19.77835631,25.47043105,21.88533145,15.20590777,,18.12207977,14.22618638,15.30812568,14.78739247,,19.90170953,17.44776934,19.30045981,15.86389587,18.36999344,20.88751516,18.83659284,,18.65012616,,12.69653291,,20.69675278,23.64442106,16.09226162,17.43077921,16.3908407,17.61463077,,15.18041426,,19.2450861,,,,15.74890039,,15.51711572,,19.74129087,17.79831991,14.4487616,20.43921811,17.76480681,19.05556842,24.59309957,,14.77889848,,20.05544265,18.29520393,19.20794136,17.5500027,,21.6147368,17.80887622,17.67847635,19.27836551,15.20777696,12.30663136,19.86455797,14.95192213,,22.84519389,19.92539652,27.38873291,,18.57425351,,,,,16.607128,,,17.27342228,,17.83887152,,19.44913051,,,23.39686278,17.83346458,18.36732943,24.19175754,21.08986681,,18.27359529,20.03359507,18.24389917,,19.54716378,17.23883387,19.20908206,,16.1572285,16.86764072,16.83453277,20.81458638,,17.33323398,17.69681135,,18.8017052,,20.26206272,17.71527162,19.76753144,23.37603607,,,25.31593966,,20.43549935,20.14183398,,17.78235839,,18.60107071,18.29445024,16.23039578,18.54404752,,,15.17164594,17.65665529,17.10320583,,21.32570292,16.08252331,,17.0506033,,16.71659175,16.25262848,19.38097887,,,,18.46104373,23.05295852,16.37690542,,,16.5395072,,16.6017998,18.27933399,,19.36735076,,17.28453495,,,14.4020794,,,,16.06402696,19.0073969,,16.05687053,15.39164637,,,12.59198977,,15.15521353,,,14.02236781,17.60240891,18.75312859,16.58953412,,15.22426552,,18.91818192,15.3708917,22.47830428,19.04594892,,,,,,,13.76880462,15.92237534,,,22.82208861,17.8431175,,,,15.73346556,17.0090741,,14.09597385,18.40499184,,,14.46237446,,17.7622847,,14.32818404,,14.11146174,,14.32305476,,11.62433855
12,F08,bioreactor,0,8,,,15.65662038,16.32711401,15.96828429,25.17950037,20.96643786,20.43930943,16.26804849,20.73202744,14.52202975,,17.38444651,18.46475313,16.14547447,17.28695477,15.02080636,13.45249866,21.88126074,18.942546,,17.43367509,15.49644812,19.51284075,16.28764024,,19.18255439,17.47816131,17.47816131,15.0460582,27.7277552,16.65790456,18.8376033,19.24962042,16.08318843,21.10311617,19.12606164,24.86668948,19.33410303,14.62285259,,18.07275021,14.34872815,15.9851971,14.4604559,,20.15475879,17.19967234,18.96448189,16.78533752,17.83664215,20.83945063,19.1548799,,18.47169109,,12.31712993,19.169766,19.97352081,24.75442697,16.14698625,19.54777192,16.02444712,16.11213403,,13.79532945,19.43748388,18.74474188,,,,,,15.73057628,,20.32674108,,14.79837054,19.12253482,17.56551864,18.75684296,24.79168531,,15.50574954,,20.12328028,18.66908921,18.55265034,17.2904689,,22.81330483,17.28090667,17.29817894,17.62246656,,,,,,22.37616117,19.0751997,27.00441079,,19.43232372,18.54720333,,15.69770064,,16.77382175,,,17.3767274,,15.90693756,,19.01089411,15.98819649,15.77329377,25.95505708,16.93114147,20.13234409,22.10397768,23.42225729,,15.31174832,,17.62513091,,19.14224669,16.85658358,16.7817439,,15.75120406,16.43614218,16.8236409,21.15164773,,16.72781412,17.24584049,,17.06950221,,22.35106971,16.03998998,20.01612953,22.54986338,17.40129621,,25.85213373,,18.14554412,19.77846219,,17.15690274,,19.68803683,17.52687362,18.1994471,18.51975525,,,15.5535093,18.68713644,,,18.263393,18.9415205,,,,16.42537984,15.08501594,18.9225786,,,,18.69793135,22.8279094,16.71616301,,,,,15.41094815,17.33033045,,19.37882825,,16.75736396,,,,,,,15.70520038,15.8299952,,13.94727165,,,,,,14.83738155,,,,16.59979664,18.20806285,18.77683138,12.89424936,15.33259606,13.0101784,18.6358173,,20.20457473,19.06276029,,,,,,15.07835932,,,14.96673074,,22.95133915,15.87447712,,19.97498307,,15.47132593,16.96736137,,13.94013004,16.99392242,,,14.08812569,,17.93344862,,14.32720175,,,,14.33783093,,
13,F11,bioreactor,1,1,,15.3012461,15.28774845,16.20043888,16.46416282,25.25572589,21.57267062,21.28323195,16.59687401,20.34005762,14.80750587,16.29970887,16.66995077,19.03696505,16.10852446,16.77846219,15.59090863,13.91139199,21.60417132,19.14742854,,17.91600189,15.71558669,17.99097923,15.61996201,14.9076418,22.7993425,17.68970457,,15.58818758,27.57626363,17.0999436,18.96720937,19.31657322,16.42053596,21.01590161,20.00691225,25.10377927,21.02545051,15.30303153,,15.96826179,14.9813443,16.33042675,14.73798667,,19.68749529,17.35759496,19.52740637,16.15487743,18.42918604,20.79284271,20.00674656,15.83812057,18.37727832,16.30294231,,16.94520376,19.84462915,24.66920747,16.60130653,17.42111973,14.4398958,17.30754771,,,19.48044114,18.67120587,16.01210072,,,,,16.06326867,,19.80218501,,14.64007544,19.66842798,18.12005558,19.11345477,25.7485255,,15.64835758,,19.98629065,18.65972767,18.49586673,17.49473842,,23.20378888,17.64850505,16.49739968,16.66990926,,,,,15.09341756,22.61303695,18.35471427,27.36032836,,19.32936496,18.22619108,17.18408112,16.10876946,,16.18340277,,15.59391628,17.85184052,,16.11209329,,19.23747841,13.38370429,,24.55536399,,19.48070738,22.96503016,23.23789892,,18.72496343,19.93723587,18.36254745,,19.31367579,17.06893569,17.38380553,,18.433023,16.14084974,16.47628738,21.10881475,,16.9617888,18.77961356,22.25833139,17.34786355,,22.51247862,17.39343236,19.99121042,23.42902535,,,25.89801752,,20.00825079,19.04061615,21.7687808,17.52546728,17.52451111,19.58684528,17.42780387,16.76278429,18.27795933,,,,17.45364843,16.06392167,,20.31460648,16.74400601,,,,16.57832846,16.1952953,18.96635054,17.08393633,,,18.10780452,23.00487811,16.28095197,,,17.11145155,,,18.22738562,,15.01489224,,,,20.40252081,14.39667167,,,,17.452563,17.47996968,,16.37753252,14.63860561,,,13.43306377,,15.47357892,,,,16.53715772,17.55477619,18.63202959,,15.61554343,,17.79924367,14.89912086,20.34151882,18.81471388,,,,,,15.64213633,,,,20.54865073,22.75359035,14.59566543,,,,15.9646793,16.87790717,,14.50214808,,,,15.29519496,,15.58552008,,13.86050506,,13.56557814,,14.40919202,,13.83031713
14,F12,bioreactor,1,2,,,14.98575301,15.83083702,16.24166667,25.42209885,22.17498449,22.04536973,18.03806698,21.00670274,14.53909821,16.25687208,16.77910374,19.27954711,15.77422082,16.55581735,16.60045015,13.48419353,21.27557779,19.35496817,,18.43415581,16.38491863,19.01132282,16.53785539,16.6811835,22.41460318,17.22108673,,15.60576886,27.66556021,18.19903485,18.66758975,19.54633494,16.48713346,21.80283187,19.40585819,25.30953089,22.14537464,14.81968016,17.12345459,15.83949907,14.38848824,16.14648912,14.49878689,,19.51459464,17.30145154,19.19209532,17.30104957,18.13780168,20.65570453,18.87714331,,18.28884355,,,19.43053218,19.65406432,22.72411495,17.12723869,19.73241754,16.39114288,16.91245667,,14.83880999,19.54566587,18.68684929,15.13707119,,,,,,,20.01190696,,14.65093954,19.05992005,18.60946734,18.80332392,26.14043583,,15.57127862,,19.74799625,19.73227841,19.13695107,17.58161987,,24.1582481,17.62517373,16.94925678,19.39237822,15.03621655,,,,,22.11126337,18.93071424,27.18834591,,19.19777582,,,,,15.93286065,,,17.67478536,15.49132075,16.98627537,,19.49705266,15.4282293,,24.81533125,,18.69086078,23.78288176,21.12140704,,16.85104138,19.71343518,17.70887507,,19.2971245,16.79797809,18.21617746,,18.69116759,16.19642923,17.15723837,21.24234725,,17.16125,17.1218269,23.06663105,17.2242561,18.01917805,21.5339404,15.36406624,18.8461484,23.23066315,16.73106707,,26.07598617,,18.670058,19.65976251,,17.76240799,18.38576131,20.5977507,18.44737789,15.98089822,18.18000139,,,14.44998688,17.56546657,,,21.10030879,16.27841316,,,,16.89527942,16.17246658,18.86064751,16.90067816,13.86244364,,18.14676256,22.9657635,17.16622194,,,,,16.55877943,17.75544182,,19.57533427,,,,22.43258599,,,,,16.59476197,16.21293329,,14.27721474,16.25572938,,,,12.57270023,16.63743149,,,,17.6019376,18.1766991,19.1118845,13.33887563,14.94017593,,18.07282346,15.15560884,,18.65513237,16.26680484,,,,,15.1561621,,,14.23451809,21.36132538,22.72562317,15.74128263,,20.36174999,,15.72714935,17.09902927,,14.23481743,,,,15.08098403,,15.46377979,,13.71714088,,13.10509005,,13.84607799,,
15,F14,bioreactor,1,4,17.21778734,,15.60929419,16.96394593,16.9377761,25.66205479,21.43884362,20.78704088,19.38419141,20.95311155,14.69886742,14.38242139,17.35733722,19.77668202,16.47040468,16.95993403,16.3935748,14.59677212,22.46598607,20.22969897,,17.8230562,15.80629787,20.45097963,17.94030213,,23.29247175,17.10127811,,16.37038091,27.79563633,16.9930047,19.0742617,19.6128703,16.86569703,19.54579406,20.51395404,25.00469513,20.29688037,17.22383203,13.98797452,17.94075519,14.80826035,17.39942814,15.11622211,,19.66400276,17.27515149,20.29380615,16.96498382,18.89355632,20.89265398,19.56265981,15.81565848,18.70087654,,,19.68678946,19.8929489,25.53156529,17.86347246,20.07133535,16.16561365,17.71060467,,14.63117706,20.3200017,19.71026834,14.4166656,,,,,,,20.41984397,,15.28149541,19.77589155,17.74361163,19.94132993,25.89227133,,16.10377955,19.4893188,20.80387649,19.40836291,19.21673875,,17.26618261,23.40359746,18.08273119,17.2307804,20.88696098,15.51794614,14.91970134,16.36850646,,,22.68236949,19.67515936,27.45762663,17.49573794,19.26027178,18.76547388,18.78642598,16.17767258,,17.72726238,14.53259944,16.69598946,17.1303594,,15.49226005,,20.06117076,,16.06615227,24.40607723,,18.97888359,24.43365497,24.00681297,,17.53198297,20.51449543,19.60567302,,19.97488367,17.4234032,18.57993093,,18.78341713,17.75152445,17.02483666,21.77694461,,17.44217407,18.7219436,22.88928931,19.58621308,,22.44916351,16.69484755,19.27380243,23.52323578,,,26.25757448,,20.01237356,20.7081552,21.99774113,17.89875489,18.02012812,19.79192914,18.54377195,17.59225993,19.17353319,,,15.72906306,18.44954767,,,20.39764748,20.12407965,,,,17.01534971,15.97522104,20.21300214,18.8320803,,,18.19925537,23.39488681,17.09986144,,,17.19842586,,16.86463353,17.33299807,,16.22548989,,17.85718524,,20.93079147,,,,,18.52583046,17.15693235,,15.94242287,,,,13.5282099,,15.6094962,16.24362029,,13.45211251,16.66220939,20.85967961,18.92220981,13.77045742,15.10418921,,18.84700533,15.58537337,20.42064697,18.81311103,,,,,,15.39023614,,,,22.88928931,23.21401297,,,23.12355216,,15.94226249,17.55131774,,14.81062184,19.26662414,,,14.70940696,,18.82424713,,14.18657855,,14.0454184,,13.62513804,,
16,F16,bioreactor,1,6,,,15.43540982,17.23103363,16.47687275,25.33451772,21.13026953,21.31832324,17.90230445,20.71759443,15.15833356,15.39489806,17.10394343,18.39211614,16.73081506,17.14131887,17.56615812,13.91157924,22.51127828,20.10870183,,18.29695204,16.42901437,20.94444184,16.92928153,15.64689617,23.84089641,17.3141318,13.99814966,15.8821415,27.61547952,17.78879479,18.65547831,20.09769911,16.35137063,21.47053774,20.38262297,24.72402697,20.71852451,17.75152445,,16.5517383,15.0920138,16.31066603,14.98009494,,19.299492,17.70509236,19.43880403,16.75945912,18.10049296,20.98197554,19.0617087,14.28540222,18.50036342,,,19.27852886,19.82695961,25.5936335,19.17201968,19.63722628,17.29708643,17.3393368,,15.12734954,20.69396331,20.69169326,15.89405985,13.96731633,18.01818388,,,,,19.97013679,18.29784769,17.69492915,20.16063838,17.39443757,19.61630653,26.17193097,,16.04750738,19.8140739,20.18165456,19.85998059,19.30800344,,17.39543372,24.58398531,18.05102834,17.39543372,19.57015218,13.58178903,,,,,22.43089276,20.11363535,27.35514411,,20.47884367,,,,,16.97205986,14.78637174,16.37832873,17.3906476,,16.29881437,,20.0104202,,15.73282989,25.80426682,17.76975392,20.23223588,23.71395795,23.8744487,,17.79583674,19.67924298,18.19279366,,19.83309237,17.24137805,17.95267869,,18.01516456,15.57118972,17.01479419,21.25691296,,17.54065024,18.06940256,22.42872564,19.2032524,,22.15779377,17.79930692,19.6245688,23.64390253,17.82941306,,26.35215145,,19.24767491,20.96767939,,18.11095222,,19.40597242,17.56644059,18.07262985,19.26113539,,,15.37690542,18.61003716,,,20.0706726,22.55586228,,,,16.83796048,16.34186625,20.05294874,,14.63990592,,18.87307758,23.53141442,17.55788995,,,17.00211178,,16.75603502,18.31065716,,20.15059518,,17.64138854,,20.09282552,,,,,15.21097568,18.79355251,,14.9888178,16.17229076,,,,,12.91513245,,,13.57825474,18.10120115,20.06750132,18.77325513,,15.94370526,,18.4627938,14.22468004,20.72973109,18.98699193,,,,,,15.12246404,,15.86280684,,22.42872564,23.13556009,15.88862435,,20.47042752,,16.01835234,17.42424011,,14.8079586,,,,15.64348983,,18.43338576,,14.1223427,,13.70379545,,14.58049413,,12.15069929
17,F17,bioreactor,1,7,,,15.07020482,16.20678545,16.17745847,24.72414446,21.07242705,22.13519761,17.60192309,20.31521591,14.1176431,16.44507953,17.44495825,17.30772557,16.07206978,,17.17123545,14.31217391,21.38428365,19.21535999,,18.95301987,16.23350734,20.29122692,15.50999144,16.05723025,22.88968925,16.81971757,13.472437,15.91197707,27.3708009,18.70987809,18.96430984,19.13238676,16.64721949,22.02264008,19.96860071,25.27761127,21.65178968,17.48604151,15.92789368,15.95126194,14.98739726,16.73723414,14.95037364,,18.8871373,17.31814558,19.07495415,15.86570911,18.39682634,20.62971058,20.21297365,,18.58191772,,13.25473339,,20.14373197,24.04040997,17.10265239,17.34402711,16.69374557,18.35327607,,14.3376219,,18.47182998,,,,,18.9165472,15.78110353,,19.47187165,,14.15363119,19.91825036,17.4627978,19.2448748,24.50648731,,15.38973216,,19.89575868,18.01839037,18.22661916,17.40236258,,21.13433482,17.28558283,17.58050149,19.29967533,14.43397657,13.56985561,19.02430102,13.90312868,15.10893277,22.82145987,19.97138077,27.33862573,,18.63019246,,,,,16.40022904,,,16.91295949,,17.03802946,,19.18556509,,,23.04819399,,18.14877943,24.04153433,21.92492882,,19.01468252,19.71986338,20.67159549,,19.41984705,17.05378804,18.86255866,,18.84395784,16.51860706,17.0136171,20.79883248,,17.43378102,17.37481026,22.93996349,17.04834851,,21.59538088,17.83199992,19.79561641,23.15240199,,,25.20237384,,20.35305958,20.25923294,,17.33901487,17.8544484,19.81425857,18.31911199,16.12021762,18.28527578,,,,18.78890309,17.24621174,,19.06801198,15.72675034,,16.1418876,,16.36394651,15.83730763,18.87880531,,,,17.8918193,22.96870985,16.06430069,,,16.49067855,,16.21720042,17.77903318,,14.65575431,,17.54666842,,22.65817356,13.50767078,,,,17.84857404,17.84857404,,16.0029029,14.20043888,,,14.17671858,,17.50839058,,,,17.44495825,18.45005939,16.48014329,13.14370208,14.24733418,,18.7282228,,,18.72105913,,,,,,15.95667109,12.99541385,,,21.13880175,22.7107333,15.43862944,18.16844198,,,17.6516824,17.3345439,17.73376344,16.11538916,16.04948698,16.65890878,,14.52894242,16.57493347,17.65773713,,15.4808533,15.35827345,14.98926144,15.49544909,15.23249588,14.58994368,13.85632826
18,F18,bioreactor,1,8,17.70760179,,15.73436563,16.71403081,15.97571365,25.58487585,22.40674479,21.12692562,17.02951371,20.97359648,14.99205319,14.39967847,16.98932797,19.21966958,16.21536236,18.85069047,15.71513083,14.35438714,22.28556788,19.47035701,,17.78069354,16.1384918,20.85065308,18.20323806,14.99254009,22.22317301,17.40170452,14.17570548,15.88693494,27.6343583,17.17709831,18.77958792,19.67228548,16.53971923,21.50629354,19.80279401,25.18158902,20.20821649,15.37653241,,16.07890132,15.20625127,16.64006131,15.32853469,13.33845784,19.90793221,17.6163191,19.73879323,16.85464927,18.05379334,20.80314888,19.30092672,,18.52224436,16.86462144,,19.53566647,20.38301129,25.34898845,16.5984015,19.67915533,16.00239751,16.83000758,,14.2313712,20.33569129,19.0618458,,,,,,15.64315158,,19.96468917,17.91812368,15.35758637,19.8502021,17.08517159,19.13799425,25.17739425,,15.99572299,19.53976087,20.32957629,19.02994231,18.88344279,17.78952091,,23.12854836,18.53093207,17.55023574,19.33830114,,14.50345309,,,,22.77907127,20.16723559,27.29344649,,19.74179942,19.20528019,,,,18.21635748,13.73259144,,17.78702254,,,,19.99121596,17.2135884,16.49216615,26.06102847,,20.75472117,22.15167158,23.87421631,,19.49699807,19.50944642,20.07402514,,19.56443422,17.30569662,19.33367949,,19.26918833,18.76960866,17.06647816,21.57501613,,17.38838733,18.27136728,23.18725103,19.5674808,,22.43354979,16.7682748,20.3897122,23.14115247,17.66935569,,26.14704474,,20.11437653,20.6092094,,17.7557026,18.32248714,21.82599755,18.36418596,18.52966312,19.09796009,,,16.51877608,19.03225563,16.953594,,19.3488081,18.67866891,,17.72946807,,17.18185107,16.30304937,19.72601688,,,,18.96627449,23.29926728,17.10202695,,,16.97069011,,16.44122591,17.60670883,,20.11481496,,17.39871864,,22.49368079,14.47446646,,,,17.14031055,18.23996673,,16.25109402,14.75994018,,,13.13458675,,15.59680123,,,13.33971085,17.55791238,18.5395905,19.24579872,,15.46339665,,18.4404434,14.99612036,20.42462456,18.82835036,,,,,16.80695233,15.83417474,14.12726892,,15.19886704,21.54403006,23.08263456,16.11636427,18.08154585,20.64548165,,16.23601419,17.35187094,,14.86195924,,15.36016123,,15.16168303,,14.53940118,,13.74934571,13.0001761,14.20800568,,14.47996968,11.55698496,11.65329295
19,F21,bioreactor,2,1,18.1221809,,15.82801248,16.46015189,16.15202731,25.13220384,21.20309106,21.54396731,16.77509582,20.34260968,14.36707342,16.04013986,17.21687845,20.2072217,16.30452958,17.12507035,15.57154528,13.80715364,21.40258326,19.20881542,,18.12046571,16.148417,20.29402611,17.43333278,14.95415086,22.32207641,16.58601878,,16.10893277,27.20694791,18.70848782,18.66637659,19.55584356,16.56151171,21.45692437,19.72607677,24.76190361,21.02894541,15.09399519,,17.51338835,14.71574754,16.64692429,14.54375685,12.84176089,18.86866885,17.22290808,19.28891563,16.25735101,18.63327553,20.54370022,19.23174385,,18.62186229,,12.56486399,,19.8079586,24.83456532,17.98225275,17.60053726,14.10983065,17.46953848,,14.02427396,,19.04118321,15.66330792,,,,19.79963578,15.68477601,,19.69135164,17.46330085,15.04371086,20.11319911,17.23889916,19.24175045,25.21444808,,15.55901852,,19.9817345,18.09456227,18.02913622,,17.63775695,22.82577557,17.55113746,16.78805555,20.37172667,,14.34602888,,14.74367737,,22.78272472,18.36772188,27.23712764,17.7594071,19.05032962,18.15975803,,16.80366447,,16.40713496,,,16.88970596,,16.10619486,,18.99051119,,,24.3254211,17.17294506,19.7462568,22.16525297,23.39840839,,18.72086213,19.94194311,21.11495662,,19.32140627,16.99752132,18.20559759,,,18.17409669,16.5073301,21.1281284,,17.04221511,17.34250877,23.73118694,17.20108054,,22.34660057,16.59393087,20.29477329,23.24254744,16.91977116,,25.78049439,,20.78825713,20.37285444,,17.29558062,18.95450873,19.34658948,17.51636948,17.74366422,17.73605173,,,15.14708565,17.79720555,,,20.30823458,16.145156,16.27565167,16.62854522,,17.06296314,15.92685191,19.0678676,17.468632,,,17.70729172,22.91133968,16.74171714,,,18.75262238,,14.69517391,18.6072978,,19.4027935,,17.2377328,,26.4802975,12.8027183,,,,16.3203246,18.45251877,,16.80986859,14.47091303,,,14.24287637,,15.80059661,,,,17.21687845,17.54294872,18.20891065,13.24866884,13.5285762,,19.02378413,,20.10747635,18.72156651,,,,,,15.27102525,,,15.53314719,21.85381133,22.99919989,15.05473149,,,,,16.90767701,,13.75530489,,,,13.47256393,,15.41564275,,13.25650357,,13.96090695,,13.86727874,,
20,F22,bioreactor,2,2,,,15.9778389,16.33638452,16.67565387,25.58713659,22.31712026,21.9983308,18.4179349,20.54896674,14.40912571,16.34990318,17.59622616,20.45826942,16.37407156,16.80361402,16.39231742,14.03333696,21.43855685,19.57385425,,18.32226267,17.20104224,19.74150155,18.35370252,16.11766339,22.80846933,17.30518003,13.90726625,15.90961187,27.42781313,18.12810511,18.90239278,20.16517444,17.73400832,21.72872021,19.61508897,25.28062838,21.41031988,14.54303182,16.29352553,17.57797457,14.92471973,16.71098127,14.83925301,,18.76426257,17.1792871,19.58984313,16.82459832,18.38409232,20.77587226,18.58592345,,18.72929877,,14.7054164,19.27183002,19.71228853,23.92947027,18.29560753,17.57027821,15.11910324,17.00503237,,15.11276528,,18.68979328,,,,,,16.01011283,,20.23460345,,14.79826927,19.93987186,17.30897,19.59586935,26.25898648,,16.03374561,,19.89577347,18.96314162,19.00353987,17.90859199,17.90859199,24.23114419,17.76926966,17.59559259,19.23846305,,13.96072599,21.71190597,14.60339453,,22.73602427,18.56924373,27.36814363,18.23884786,19.52227693,19.30359571,,,,16.50455522,,,17.44085295,,16.72537957,,19.76462866,,,25.07608692,,20.08279095,23.98657424,21.56876749,,17.68702705,20.21211636,18.18577075,,19.39748663,17.06647816,18.50354626,,16.91456032,16.77491572,16.99312636,21.77814773,,17.40687762,17.73835619,21.75130173,17.36213218,17.60990014,21.88998292,16.86742354,19.42179159,23.37832714,17.4117675,,26.15157675,,19.24627669,20.05047842,21.06944321,17.65079232,,19.79184332,19.25856603,17.73108033,18.82662917,,,,18.11488103,15.61539974,17.38815186,20.13846306,16.60277135,,,,16.02078466,16.41631923,19.20171952,,,,18.12762663,23.12691239,17.04144526,,,17.70196971,,16.7539871,18.74172701,,19.6548248,,17.43983088,,26.74864871,14.32101203,,,,16.1204809,17.5895268,,17.53673289,13.46250227,,,13.80986859,13.75780667,14.39238451,,,11.74273048,17.59622616,18.3793826,19.00392412,13.21416731,15.0588796,,18.7701638,14.67887518,,18.75593726,,,,,,,,,13.97808477,21.75130173,22.86125183,15.58845113,,20.2616129,,15.2974895,16.96643786,,13.84598001,17.77305548,,,14.53794636,,17.52352367,,11.52110964,,12.05222839,,13.44203634,,
21,F24,bioreactor,2,4,,,21.54919007,16.22324756,16.42431394,25.35731799,21.40203307,20.71404507,19.52131288,20.3990317,14.14170803,14.4057398,17.13341317,19.85682519,16.03316486,16.60097275,16.74038688,14.5703301,22.1668934,20.03202823,,18.08121815,16.19919305,20.70215662,18.92845187,17.16637887,23.36604895,16.83277878,13.06978539,15.96196963,27.36084312,17.63054443,18.89906774,19.42502121,16.56455144,19.48666418,20.4663125,24.12262502,20.42215924,14.68469384,,15.77784604,14.14473789,17.52047289,14.59409129,,18.7038833,16.92484729,19.07628847,16.29438741,18.80122839,20.4209142,18.92145453,15.03617361,18.83440315,16.86844881,,,19.19209291,25.42370187,17.37264404,17.51202282,15.46518374,16.99394453,,14.51057875,,19.05238762,,,,,,15.75360851,,20.03093111,,15.11076875,19.40265404,17.15689286,19.90824601,25.38275333,,15.58616542,,19.85895686,18.69593851,18.7385904,,17.78550355,22.59503707,17.65737428,18.17193419,19.11442864,15.1312541,14.32326591,,,,22.36050581,19.22614639,27.30897515,17.73614425,18.72766457,18.21770216,,,,16.78249918,,15.77948853,16.12916225,,15.64731788,,19.12279514,,15.52150843,23.61895931,,18.84082094,24.04922572,23.99298992,,18.30702733,20.18910908,,,19.27514012,17.09243714,18.21052867,,17.30398582,16.92099245,16.75386962,21.53234213,,17.31526457,17.60524077,21.44797309,17.17802287,,20.31969637,16.86526206,18.86618018,23.05814106,16.56285356,,25.88692095,,19.70718048,19.88188617,,17.7401958,,18.63710951,18.03783112,14.38700758,17.82446159,,,15.31228029,18.05835645,16.33002402,,22.034398,19.96758231,,,,16.19138699,15.3833668,19.43788412,,,,17.39764121,22.93465156,16.35035221,,,17.24774212,,16.57224132,18.5244805,,15.94459769,,17.19429517,,26.25775372,12.33622759,,,,15.91720889,,,17.24931719,13.85243197,,,13.87910457,,14.78417473,17.5215161,,,17.13341317,21.27112445,18.53806007,13.23750875,15.52362321,,18.58882441,15.06276292,19.95691493,18.69204673,,,,16.65446821,,15.62673571,,,,21.44797309,22.79919742,16.03236864,14.0390047,22.60246011,,15.37211686,16.51008419,,14.92332749,,,,14.08820853,,15.3392933,,13.60744591,,13.07062412,,13.48293397,,12.63003955
22,F26,bioreactor,2,6,,,15.55386924,16.74383512,16.57320338,24.92029938,20.86921654,22.15300551,18.21076646,20.72795617,15.18781599,15.85333393,17.47176252,19.41470588,16.25100153,18.03785256,17.84190827,13.75988818,22.08153837,20.15895724,,18.74670129,16.55720939,21.26296366,17.05279091,16.01473972,22.81853791,17.2114986,,15.76430145,27.23736952,18.85138,18.64911932,19.84791221,16.64251713,21.3167671,20.33254252,24.07521055,21.49878933,17.40979697,,16.77888565,14.70444405,16.56404526,15.19310179,,18.82384612,17.4602239,19.31870167,16.49866225,18.29026189,20.63587839,18.95023123,14.37863354,18.51981667,,,19.62317062,19.61759301,25.46226811,17.91485225,17.31326392,16.07198602,17.59481298,,15.59543233,20.73963971,19.3050709,,,17.8667356,,,15.68088143,,20.22281259,,14.3986101,19.34758893,17.01762401,19.44688742,25.96227673,,15.51144382,19.27527428,20.20028201,19.48043128,18.82766213,,17.34914298,24.22205955,17.60568206,17.29899332,19.78563924,,14.81267871,19.28691868,,,22.48841608,19.75266158,27.21464008,18.14535007,19.06312908,19.5220834,,,,17.32233309,14.5484005,15.67281204,17.60912101,,15.82969796,,19.37407156,,15.62753388,25.46867512,17.23641601,20.70530839,23.3730057,23.59956966,,18.38395315,19.61520395,16.88980101,,19.47525053,17.0710433,19.00168307,,19.05393118,16.7497647,16.75749419,21.01336221,,17.35296586,18.02989649,22.55342845,17.60769874,,20.6253432,16.66553023,19.76756053,23.29795793,,,26.17346104,,19.34041084,20.61021113,,17.80894533,18.75008213,18.73417044,17.88327571,17.43221564,18.13769163,,,15.50388784,18.33125375,17.50806555,,22.58599334,20.57100635,,16.77328089,,16.3124753,16.06802248,19.78123643,,12.86592655,,18.22638397,23.15646442,16.40655381,,,18.84500299,,16.64003306,18.71329253,,19.96061571,,17.35717396,,26.34932045,,,,,19.01055542,19.46773688,,18.35492084,14.85379687,,,13.88159198,,,,,12.47395937,17.47176252,20.2453763,18.23939808,,14.6471211,,18.70735239,,20.15367819,18.53935195,18.00033567,,,,,15.77226302,,16.46933974,,22.16353513,22.8697706,16.48307573,,20.55655751,,15.69889454,17.37726138,,14.4123052,15.26996674,14.95596769,,14.83447105,13.90275194,16.41414016,,14.29203399,10.8864587,13.78299821,,13.91242158,,13.26634734
23,F27,bioreactor,2,7,,,16.19857933,17.50920283,16.52767553,25.33146531,20.88519365,22.53523194,17.67746502,20.44748585,15.05057142,16.45951167,17.39445432,19.47049206,16.51090321,17.01258089,16.96280565,14.89424936,21.87675636,19.59835061,,18.72183683,17.09845366,20.20132468,17.6807441,15.59563629,21.1547662,16.93555643,12.83802206,16.94745431,27.05160021,19.0629684,18.97554014,19.74465156,16.7552136,22.3294876,19.93448995,25.24032668,21.82563351,15.09823774,,16.0610758,15.59219422,16.99935045,15.05723025,,18.48092822,17.0189608,19.52882608,16.24907641,18.91675711,20.77416129,18.78893813,,19.07019696,,,16.90316399,20.26847004,25.01259181,16.4402041,19.85938616,15.78922796,18.30779671,13.75143945,14.79446664,,19.22956051,15.76437921,,,15.49778948,20.13490506,16.17109859,,20.12242739,,14.70698158,19.85949232,17.45491774,19.7105929,24.98090816,,,,20.20154844,18.42450258,18.55301049,19.1328712,19.1328712,22.05543901,18.18279199,18.36680884,18.96215608,,14.79938282,21.60145434,,,23.20613693,18.4534716,27.50186799,18.01152211,18.70896598,18.90179496,,,,16.25832679,,,17.35910609,,17.11174699,,19.80021741,,,23.8106339,,19.06577636,24.18407869,22.89475228,,19.99617968,20.74156738,19.63137425,,19.91135541,17.44014732,19.93886168,,,17.125585,16.80790831,21.54214864,,17.58706695,17.89037116,24.82109482,17.71657835,,22.24962794,17.95580313,20.81619931,23.52340247,17.84029849,,25.71260954,,21.12388206,20.39847128,21.96268494,17.82832866,19.96840102,19.11885492,19.04539973,17.67053178,18.49191571,,,15.27855835,17.98440177,17.72786729,17.55880932,20.60637629,16.38068089,,16.62006228,,16.43495394,16.531351,19.27146303,,,,17.37816783,23.32013079,17.26335174,,,19.48418566,,17.00688487,18.84153364,,15.39917777,,17.55951153,,26.7394172,14.02366773,15.85099256,,,19.79356362,18.22498614,,17.25841881,13.99603207,,,14.41005379,,20.00548475,,,12.26620091,17.39445432,18.86510193,17.80788944,13.11374217,14.38512092,,18.97079963,,20.40251456,18.77881508,,,,,,15.71772997,,,13.81097322,,23.21661207,16.60130653,18.13006775,,,15.85047988,17.67800173,,14.80009099,,16.87655292,,15.31652903,15.93845397,18.31499031,,14.13811178,11.57837269,14.69473875,12.74188827,14.73555602,,13.10345174
24,F28,bioreactor,2,8,16.59534491,,15.71120988,16.62807525,16.28675628,25.46067508,22.01113886,21.31282757,17.13352355,20.59477199,14.91774501,14.8056935,17.27446006,19.88186228,16.08389479,18.06490061,15.73803947,14.29232163,22.01010429,19.39706667,,18.03882792,15.93932668,20.5306578,17.69597588,13.96154013,19.76182389,17.45224929,13.9900153,15.98528606,27.52974391,17.41299979,18.5990956,19.62912179,16.64591169,21.49431116,19.73511966,24.89557089,20.09331439,15.05320469,,17.35929487,15.88683971,16.93977432,14.85637689,13.69533706,19.2726184,16.95813353,19.70486109,16.96614491,18.38607719,20.52872785,19.24526487,,18.96113877,,12.47725232,,19.86893255,25.0385455,16.36662957,17.00714775,15.25451196,17.44627562,,,,19.43113437,16.10472159,,,,,15.87026838,,19.94948905,,15.48069555,19.75384024,16.993635,19.35775387,25.3329682,,15.94118519,19.33868634,20.19015865,18.89119037,18.7075782,,17.87310762,22.87419079,17.69204332,18.28623286,19.30267908,,15.55824132,,,,22.87637867,18.36054706,27.29250664,18.2098674,19.58071493,18.4632769,,16.54647249,,17.41292538,13.63956682,,17.21516325,,15.00877875,,18.83486604,16.83421178,,25.84168889,17.18566913,20.79407392,22.59203814,23.69231773,,18.38793738,20.01727467,,,19.42190867,17.05190989,19.62560184,,19.2732629,16.93286065,17.24898379,21.54514454,,17.57351406,18.36683871,22.98848083,17.54000692,,20.25192731,16.73661333,20.38888128,22.89821258,16.83529793,,25.98803294,,20.27738957,20.50503326,,17.59834334,18.84643002,19.60812485,18.39857253,17.73125273,18.79672408,,,15.62528076,18.89377552,16.75857458,,19.16687654,17.43090986,,16.90890858,,17.32046564,17.09192086,19.37584337,,14.48268193,,17.855343,23.06561631,18.19681821,,,18.37640523,,17.13084201,18.38621195,,19.691551,,17.47534554,,26.70817106,14.66072018,,,,19.64045149,18.1760465,,17.91161435,15.5921066,,,14.84651878,,16.15327493,,,14.21158415,17.27446006,18.15489226,18.83897921,,15.58211257,,18.59928452,13.8061468,20.31738943,18.73628631,17.65350288,,,,17.41646769,16.08756643,13.95319611,16.18041426,14.30933424,22.02055274,22.84082267,16.14881418,17.88155613,20.41681711,,15.42324725,16.9555818,,14.71354762,,16.08480839,,14.64661496,16.20838679,15.03436912,,13.89860139,12.01889562,,13.53673289,13.4528847,,13.12444446
